rna_type	family	count
rRNA	RF00177	2699405
rRNA	RF01960	253953
rRNA	RF02543	172464
rRNA	RF01959	161465
rRNA	RF02541	122072
rRNA	RF00001	108329
rRNA	RF00002	71940
rRNA	RF02540	9363
rRNA	RF01118	4597
rRNA	RF02542	3346
rRNA	RF02541,RF02540	131
rRNA	RF02540,RF02541	108
rRNA	RF00177,RF01959	23
rRNA	RF01959,RF00177	12
rRNA	RF02540,RF02543	3
rRNA	RF02541,RF02543	2
rRNA	RF02542,RF01960	2
rRNA	RF01960,RF02542	2
rRNA	RF00177,RF02542	1
rRNA	RF02540,RF02541,RF02543	1
rRNA	RF02543,RF02541	1
tRNA	RF00005	679928
tRNA	RF01852	971
other	RF00100	15550
other	RF00019	9574
other	RF02391	2999
other	RF00023	2817
other	RF02514	1820
other	RF01849	1760
other	RF00013	1717
other	RF02228	1151
other	RF01794	821
other	RF01830	798
other	RF01705	590
other	RF01394	557
other	RF01699	553
other	RF01793	512
other	RF01492	498
other	RF01814	473
other	RF02033	468
other	RF00102	449
other	RF02076	419
other	RF01687	415
other	RF02035	413
other	RF01823	413
other	RF01810	404
other	RF02221	402
other	RF00127	374
other	RF00519	362
other	RF01784	361
other	RF00018	357
other	RF01701	351
other	RF01317	348
other	RF01827	328
other	RF01776	262
other	RF01315	261
other	RF01690	258
other	RF00101	246
other	RF00113	246
other	RF02034	245
other	RF02344	219
other	RF00022	217
other	RF00199	214
other	RF02278	201
other	RF01684	200
other	RF01728	194
other	RF01318	189
other	RF00057	184
other	RF01405	184
other	RF01770	183
other	RF01781	182
other	RF01518	181
other	RF01396	177
other	RF02162	177
other	RF02111	172
other	RF02269	172
other	RF01851	171
other	RF02379	171
other	RF01656	170
other	RF00630	169
other	RF01813	164
other	RF00198	163
other	RF00378	158
other	RF01675	148
other	RF00083	142
other	RF00079	140
other	RF02081	134
other	RF00124	134
other	RF02362	131
other	RF01470	129
other	RF00128	125
other	RF00126	124
other	RF01071	123
other	RF01732	122
other	RF02471	120
other	RF02442	119
other	RF00021	118
other	RF01320	115
other	RF01316	112
other	RF01407	111
other	RF00082	108
other	RF00369	108
other	RF02399	107
other	RF01691	107
other	RF01769	106
other	RF01067	106
other	RF02053	105
other	RF01410	102
other	RF02084	102
other	RF01412	98
other	RF01797	97
other	RF02030	97
other	RF00444	97
other	RF00121	96
other	RF01693	95
other	RF02031	95
other	RF00166	93
other	RF00111	93
other	RF01512	93
other	RF02082	92
other	RF01685	92
other	RF00034	92
other	RF02376	90
other	RF02029	90
other	RF00078	89
other	RF02345	88
other	RF01845	88
other	RF00368	87
other	RF01496	87
other	RF00084	85
other	RF01116	85
other	RF01796	84
other	RF01408	84
other	RF00110	83
other	RF02079	83
other	RF02367	82
other	RF01702	82
other	RF01581	81
other	RF02447	80
other	RF02346	78
other	RF01471	78
other	RF02446	77
other	RF02032	77
other	RF02365	76
other	RF02452	75
other	RF02348	74
other	RF02144	73
other	RF02421	72
other	RF01400	71
other	RF02057	69
other	RF01809	68
other	RF01052	68
other	RF02360	67
other	RF00014	66
other	RF02364	65
other	RF01401	64
other	RF00112	64
other	RF02074	64
other	RF02347	64
other	RF02462	64
other	RF00370	64
other	RF02069	64
other	RF01815	62
other	RF02349	62
other	RF02405	62
other	RF01673	61
other	RF00624	61
other	RF01356	60
other	RF01362	58
other	RF01771	58
other	RF01706	58
other	RF02432	57
other	RF02356	57
other	RF01385	57
other	RF02419	57
other	RF02051	56
other	RF01395	55
other	RF00081	54
other	RF02060	54
other	RF01387	52
other	RF00636	52
other	RF01319	52
other	RF02088	52
other	RF00629	52
other	RF01343	52
other	RF01668	52
other	RF02366	52
other	RF02496	50
other	RF01390	50
other	RF00195	49
other	RF00628	49
other	RF01850	47
other	RF01674	47
other	RF01337	47
other	RF01402	46
other	RF00371	46
other	RF00503	46
other	RF02052	46
other	RF02064	45
other	RF01330	45
other	RF02469	45
other	RF02500	45
other	RF00627	45
other	RF02502	45
other	RF01694	44
other	RF00115	44
other	RF02343	43
other	RF02431	43
other	RF01712	43
other	RF00118	42
other	RF00623	42
other	RF01349	42
other	RF00616	41
other	RF01808	41
other	RF02083	40
other	RF02414	39
other	RF01397	39
other	RF02464	39
other	RF01825	39
other	RF01326	39
other	RF01335	39
other	RF01411	37
other	RF01391	37
other	RF02070	37
other	RF01504	36
other	RF00625	36
other	RF01791	36
other	RF01669	35
other	RF02100	35
other	RF02274	35
other	RF01322	35
other	RF02080	35
other	RF01371	35
other	RF02036	35
other	RF02266	34
other	RF00125	34
other	RF01719	34
other	RF01358	34
other	RF01344	34
other	RF02495	34
other	RF01469	34
other	RF02422	34
other	RF02415	33
other	RF01772	33
other	RF00077	33
other	RF00035	33
other	RF01820	32
other	RF02544	32
other	RF02342	32
other	RF00170	32
other	RF01392	31
other	RF00117	30
other	RF02067	30
other	RF02423	30
other	RF02436	30
other	RF01718	29
other	RF02529	29
other	RF02068	29
other	RF01742	29
other	RF01332	29
other	RF02050	29
other	RF01773	28
other	RF02235	28
other	RF02385	28
other	RF01671	27
other	RF02268	27
other	RF01710	27
other	RF02503	27
other	RF02463	27
other	RF02223	27
other	RF01824	26
other	RF02055	26
other	RF02078	26
other	RF01393	26
other	RF02434	26
other	RF02424	25
other	RF01409	25
other	RF01406	25
other	RF02075	25
other	RF02225	25
other	RF02077	25
other	RF02375	25
other	RF01487	25
other	RF02526	25
other	RF02232	25
other	RF02227	24
other	RF01398	24
other	RF01473	24
other	RF01323	24
other	RF02404	24
other	RF01325	24
other	RF01867	24
other	RF02425	24
other	RF02420	24
other	RF02230	24
other	RF02059	24
other	RF02242	23
other	RF02396	23
other	RF01811	23
other	RF02065	22
other	RF02437	22
other	RF02073	22
other	RF02449	22
other	RF02037	22
other	RF00107	22
other	RF00062	22
other	RF01676	22
other	RF01723	22
other	RF02527	22
other	RF02506	22
other	RF01679	22
other	RF02448	22
other	RF01383	22
other	RF01478	21
other	RF01822	21
other	RF01352	21
other	RF01819	21
other	RF02355	21
other	RF02066	21
other	RF01765	21
other	RF01670	21
other	RF02243	21
other	RF02071	20
other	RF02384	20
other	RF01350	20
other	RF00505	20
other	RF01466	20
other	RF02072	19
other	RF02466	19
other	RF02426	19
other	RF01762	19
other	RF02438	19
other	RF01459	19
other	RF01460	19
other	RF01476	18
other	RF02234	18
other	RF01464	18
other	RF02226	18
other	RF02470	18
other	RF01339	18
other	RF02501	18
other	RF01399	17
other	RF01775	17
other	RF02393	17
other	RF02528	17
other	RF01821	17
other	RF00116	17
other	RF02062	17
other	RF02238	17
other	RF02240	16
other	RF01461	16
other	RF01489	16
other	RF01472	16
other	RF01817	16
other	RF01346	16
other	RF02465	16
other	RF01816	16
other	RF02354	15
other	RF01327	15
other	RF02451	15
other	RF02048	15
other	RF00064	15
other	RF02445	15
other	RF01757	15
other	RF01696	15
other	RF01388	15
other	RF01321	15
other	RF02063	15
other	RF01623	15
other	RF02353	15
other	RF01384	15
other	RF01858	15
other	RF02428	15
other	RF01683	14
other	RF01722	14
other	RF02270	14
other	RF00122	14
other	RF01774	14
other	RF02222	14
other	RF01488	14
other	RF01474	14
other	RF01357	14
other	RF02341	14
other	RF02524	14
other	RF01404	14
other	RF01818	14
other	RF02392	13
other	RF01700	13
other	RF02507	13
other	RF01463	13
other	RF01336	13
other	RF01462	13
other	RF00615	13
other	RF01493	13
other	RF02369	13
other	RF02056	13
other	RF02374	13
other	RF02454	13
other	RF02435	12
other	RF01467	12
other	RF01379	12
other	RF00372	12
other	RF02241	12
other	RF01333	11
other	RF02440	11
other	RF01370	11
other	RF02386	11
other	RF01465	11
other	RF02231	11
other	RF00063	11
other	RF01468	11
other	RF00058	11
other	RF02389	11
other	RF02233	11
other	RF02049	10
other	RF01477	10
other	RF01457	10
other	RF01403	10
other	RF01578	10
other	RF00060	10
other	RF01348	10
other	RF01367	10
other	RF01355	10
other	RF02099	10
other	RF02450	10
other	RF01389	10
other	RF01527	10
other	RF01329	10
other	RF02429	10
other	RF02433	10
other	RF01334	10
other	RF02363	9
other	RF02504	9
other	RF02444	9
other	RF02387	9
other	RF01338	9
other	RF01324	9
other	RF01479	9
other	RF02377	8
other	RF02237	8
other	RF01353	8
other	RF01828	8
other	RF01789	8
other	RF02418	8
other	RF01376	8
other	RF02430	8
other	RF02467	8
other	RF02058	8
other	RF02054	8
other	RF02390	8
other	RF02378	7
other	RF02388	7
other	RF02441	7
other	RF01414	7
other	RF02443	7
other	RF01579	7
other	RF01345	7
other	RF01340	7
other	RF01529	7
other	RF01363	7
other	RF01582	7
other	RF02395	6
other	RF01368	6
other	RF01360	6
other	RF02427	6
other	RF02537	6
other	RF01643	6
other	RF01681	6
other	RF02453	6
other	RF01386	6
other	RF01374	6
other	RF01663	6
other	RF02273	6
other	RF01580	6
other	RF00119	6
other	RF00044	6
other	RF01342	6
other	RF01347	6
other	RF02417	6
other	RF01341	6
other	RF01366	5
other	RF02525	5
other	RF01714	5
other	RF01503	5
other	RF01519	5
other	RF01521	5
other	RF01520	5
other	RF01528	5
other	RF02224	5
other	RF01354	5
other	RF01530	5
other	RF02519	5
other	RF01698	5
other	RF02239	5
other	RF02350	4
other	RF02498	4
other	RF01686	4
other	RF01619	4
other	RF01665	4
other	RF02236	4
other	RF01351	4
other	RF02508	4
other	RF02505	4
other	RF01369	4
other	RF02397	4
other	RF01703	4
other	RF02351	3
other	RF01678	3
other	RF02394	3
other	RF02398	3
other	RF02499	3
other	RF02497	3
other	RF01328	3
other	RF02515	3
other	RF01359	3
other	RF01800	3
other	RF01378	3
other	RF01780	3
other	RF01375	3
other	RF01331	3
other	RF02538	3
other	RF01373	3
other	RF01779	2
other	RF01361	2
other	RF01812	2
other	RF02468	2
other	RF01677	2
other	RF01672	2
other	RF01377	2
other	RF01682	2
other	RF01680	2
other	RF02439	2
other	RF01364	2
other	RF01783	2
other	RF02368	1
other	RF00235	1
other	RF01365	1
miRNA	RF00906	21214
miRNA	RF00994	13848
miRNA	RF01942	4591
miRNA	RF00885	4154
miRNA	RF00951	3453
miRNA	RF00998	3228
miRNA	RF01045	3104
miRNA	RF01912	2321
miRNA	RF01924	2072
miRNA	RF00882	1763
miRNA	RF00639	1640
miRNA	RF00250	1501
miRNA	RF00876	1164
miRNA	RF00875	1121
miRNA	RF01061	1087
miRNA	RF00104	1003
miRNA	RF01937	883
miRNA	RF00645	842
miRNA	RF02000	821
miRNA	RF00638	807
miRNA	RF00643	790
miRNA	RF00952	759
miRNA	RF00641	751
miRNA	RF01059	731
miRNA	RF00782	658
miRNA	RF02096	649
miRNA	RF00655	624
miRNA	RF01413	566
miRNA	RF00865	526
miRNA	RF00027	464
miRNA	RF00451	456
miRNA	RF00103	442
miRNA	RF00241	417
miRNA	RF00237	381
miRNA	RF00075	368
miRNA	RF00445	334
miRNA	RF00254	324
miRNA	RF01016	323
miRNA	RF00665	316
miRNA	RF00886	313
miRNA	RF00452	312
miRNA	RF02002	306
miRNA	RF00446	294
miRNA	RF00640	287
miRNA	RF00736	258
miRNA	RF00051	233
miRNA	RF00244	226
miRNA	RF00131	210
miRNA	RF02516	209
miRNA	RF00652	203
miRNA	RF00047	200
miRNA	RF00857	190
miRNA	RF00053	189
miRNA	RF00251	185
miRNA	RF00247	184
miRNA	RF00239	180
miRNA	RF00693	178
miRNA	RF00073	177
miRNA	RF02027	175
miRNA	RF00257	173
miRNA	RF00711	172
miRNA	RF00668	172
miRNA	RF00893	162
miRNA	RF00871	153
miRNA	RF00647	152
miRNA	RF01903	149
miRNA	RF01917	148
miRNA	RF00957	148
miRNA	RF00660	143
miRNA	RF00975	140
miRNA	RF00714	135
miRNA	RF00697	134
miRNA	RF01911	133
miRNA	RF00644	128
miRNA	RF00742	128
miRNA	RF00074	127
miRNA	RF00076	124
miRNA	RF00144	123
miRNA	RF00246	123
miRNA	RF00245	121
miRNA	RF00989	115
miRNA	RF00667	115
miRNA	RF00052	113
miRNA	RF00722	113
miRNA	RF00256	112
miRNA	RF00654	111
miRNA	RF00825	109
miRNA	RF00695	108
miRNA	RF00672	106
miRNA	RF00646	105
miRNA	RF00688	104
miRNA	RF00789	104
miRNA	RF00651	102
miRNA	RF00724	101
miRNA	RF00456	101
miRNA	RF00685	100
miRNA	RF01897	98
miRNA	RF00761	96
miRNA	RF00691	96
miRNA	RF00708	95
miRNA	RF00657	95
miRNA	RF00248	95
miRNA	RF00709	95
miRNA	RF00464	91
miRNA	RF02095	91
miRNA	RF00486	91
miRNA	RF00130	88
miRNA	RF00129	88
miRNA	RF00694	87
miRNA	RF00677	87
miRNA	RF01895	87
miRNA	RF00704	85
miRNA	RF00178	85
miRNA	RF00642	84
miRNA	RF00689	84
miRNA	RF00671	84
miRNA	RF00455	84
miRNA	RF00661	83
miRNA	RF00768	82
miRNA	RF02061	79
miRNA	RF00670	77
miRNA	RF00706	77
miRNA	RF00725	77
miRNA	RF00255	77
miRNA	RF01042	77
miRNA	RF00679	75
miRNA	RF00249	73
miRNA	RF00892	73
miRNA	RF00662	72
miRNA	RF00656	70
miRNA	RF00686	69
miRNA	RF00648	66
miRNA	RF00838	61
miRNA	RF00143	61
miRNA	RF00650	61
miRNA	RF00673	59
miRNA	RF00749	57
miRNA	RF00723	56
miRNA	RF00664	55
miRNA	RF00845	55
miRNA	RF00702	54
miRNA	RF00663	54
miRNA	RF00841	53
miRNA	RF00756	52
miRNA	RF00253	52
miRNA	RF01944	52
miRNA	RF00745	52
miRNA	RF00692	51
miRNA	RF00682	51
miRNA	RF00690	49
miRNA	RF00649	49
miRNA	RF00683	48
miRNA	RF00674	48
miRNA	RF00659	47
miRNA	RF00731	47
miRNA	RF00637	46
miRNA	RF00746	46
miRNA	RF00698	46
miRNA	RF02015	45
miRNA	RF00792	45
miRNA	RF00258	45
miRNA	RF01902	45
miRNA	RF00887	44
miRNA	RF01922	44
miRNA	RF00696	44
miRNA	RF01896	42
miRNA	RF02025	42
miRNA	RF00918	42
miRNA	RF00705	41
miRNA	RF00684	41
miRNA	RF00840	40
miRNA	RF01945	39
miRNA	RF00813	39
miRNA	RF00669	39
miRNA	RF00872	38
miRNA	RF00675	38
miRNA	RF01010	38
miRNA	RF00832	38
miRNA	RF00717	37
miRNA	RF00716	37
miRNA	RF02520	36
miRNA	RF00653	36
miRNA	RF00735	36
miRNA	RF00950	36
miRNA	RF00844	35
miRNA	RF00947	35
miRNA	RF00777	35
miRNA	RF01920	35
miRNA	RF00911	34
miRNA	RF00678	34
miRNA	RF00658	34
miRNA	RF00701	34
miRNA	RF00732	33
miRNA	RF00754	33
miRNA	RF00991	33
miRNA	RF00806	32
miRNA	RF02093	32
miRNA	RF01925	32
miRNA	RF01923	32
miRNA	RF01018	32
miRNA	RF00912	32
miRNA	RF00720	32
miRNA	RF00727	31
miRNA	RF00772	31
miRNA	RF00763	31
miRNA	RF00842	31
miRNA	RF00966	30
miRNA	RF00757	30
miRNA	RF01033	30
miRNA	RF00737	30
miRNA	RF00747	30
miRNA	RF01026	29
miRNA	RF00703	29
miRNA	RF00927	29
miRNA	RF00983	29
miRNA	RF00730	29
miRNA	RF00942	29
miRNA	RF00766	29
miRNA	RF00767	29
miRNA	RF01914	29
miRNA	RF01044	29
miRNA	RF01943	28
miRNA	RF01926	28
miRNA	RF00933	28
miRNA	RF00937	28
miRNA	RF01019	28
miRNA	RF00718	27
miRNA	RF00700	27
miRNA	RF02020	27
miRNA	RF01921	27
miRNA	RF00824	27
miRNA	RF02017	27
miRNA	RF00928	27
miRNA	RF01031	27
miRNA	RF01898	27
miRNA	RF00753	27
miRNA	RF00764	27
miRNA	RF00784	27
miRNA	RF00846	27
miRNA	RF00783	26
miRNA	RF00762	26
miRNA	RF00733	26
miRNA	RF00743	26
miRNA	RF01022	26
miRNA	RF00803	26
miRNA	RF01918	25
miRNA	RF00793	25
miRNA	RF00751	25
miRNA	RF01012	25
miRNA	RF01039	24
miRNA	RF00760	24
miRNA	RF00879	24
miRNA	RF00775	23
miRNA	RF01003	23
miRNA	RF01916	23
miRNA	RF00939	23
miRNA	RF00883	23
miRNA	RF00946	23
miRNA	RF00897	23
miRNA	RF00986	22
miRNA	RF00890	22
miRNA	RF00936	22
miRNA	RF00858	22
miRNA	RF01996	22
miRNA	RF00726	22
miRNA	RF00921	22
miRNA	RF00802	22
miRNA	RF00908	22
miRNA	RF00822	22
miRNA	RF00898	22
miRNA	RF00778	22
miRNA	RF00978	21
miRNA	RF00680	21
miRNA	RF00755	21
miRNA	RF01038	21
miRNA	RF00877	21
miRNA	RF01913	21
miRNA	RF00758	21
miRNA	RF00873	21
miRNA	RF00765	21
miRNA	RF00744	20
miRNA	RF00712	20
miRNA	RF00728	20
miRNA	RF00715	20
miRNA	RF00996	20
miRNA	RF00770	20
miRNA	RF00781	19
miRNA	RF02517	19
miRNA	RF00862	19
miRNA	RF01997	19
miRNA	RF00839	19
miRNA	RF00888	19
miRNA	RF00788	19
miRNA	RF01023	19
miRNA	RF02014	18
miRNA	RF01014	18
miRNA	RF02010	18
miRNA	RF00719	18
miRNA	RF00854	18
miRNA	RF01919	18
miRNA	RF00917	18
miRNA	RF00666	18
miRNA	RF00943	17
miRNA	RF00729	17
miRNA	RF00968	17
miRNA	RF00710	17
miRNA	RF02094	17
miRNA	RF01939	17
miRNA	RF00829	17
miRNA	RF00861	17
miRNA	RF00779	17
miRNA	RF00878	17
miRNA	RF00771	17
miRNA	RF00699	17
miRNA	RF02518	16
miRNA	RF02009	16
miRNA	RF00814	16
miRNA	RF00801	16
miRNA	RF00959	16
miRNA	RF00787	16
miRNA	RF00828	16
miRNA	RF00786	16
miRNA	RF00769	16
miRNA	RF00915	16
miRNA	RF01901	16
miRNA	RF00818	16
miRNA	RF01032	16
miRNA	RF00750	16
miRNA	RF00740	15
miRNA	RF00713	15
miRNA	RF00935	15
miRNA	RF00807	15
miRNA	RF00707	15
miRNA	RF01036	15
miRNA	RF00748	15
miRNA	RF01041	14
miRNA	RF00891	14
miRNA	RF01899	14
miRNA	RF01938	14
miRNA	RF00973	14
miRNA	RF00919	14
miRNA	RF01029	14
miRNA	RF00972	13
miRNA	RF00804	13
miRNA	RF01910	13
miRNA	RF02028	13
miRNA	RF01915	13
miRNA	RF00929	13
miRNA	RF00920	13
miRNA	RF00830	12
miRNA	RF01005	12
miRNA	RF00752	12
miRNA	RF02022	12
miRNA	RF00853	12
miRNA	RF02008	12
miRNA	RF00364	12
miRNA	RF01015	12
miRNA	RF00958	12
miRNA	RF01002	12
miRNA	RF01020	11
miRNA	RF00808	11
miRNA	RF01941	11
miRNA	RF01900	11
miRNA	RF00676	11
miRNA	RF00687	11
miRNA	RF00907	10
miRNA	RF01034	10
miRNA	RF00995	10
miRNA	RF00990	10
miRNA	RF00960	10
miRNA	RF02092	10
miRNA	RF00984	10
miRNA	RF00910	9
miRNA	RF01004	9
miRNA	RF00809	9
miRNA	RF00948	9
miRNA	RF02026	9
miRNA	RF00901	9
miRNA	RF00940	9
miRNA	RF00977	9
miRNA	RF00843	9
miRNA	RF00831	9
miRNA	RF00780	8
miRNA	RF00773	8
miRNA	RF00962	8
miRNA	RF02007	8
miRNA	RF01314	8
miRNA	RF01027	8
miRNA	RF00812	8
miRNA	RF00815	8
miRNA	RF00964	8
miRNA	RF00848	8
miRNA	RF02019	8
miRNA	RF00999	8
miRNA	RF00836	8
miRNA	RF00894	7
miRNA	RF00988	7
miRNA	RF01011	7
miRNA	RF00827	7
miRNA	RF00797	7
miRNA	RF00795	7
miRNA	RF00799	7
miRNA	RF00847	7
miRNA	RF00852	7
miRNA	RF02018	7
miRNA	RF00970	7
miRNA	RF00870	7
miRNA	RF00774	7
miRNA	RF00969	7
miRNA	RF00810	7
miRNA	RF00816	7
miRNA	RF02006	7
miRNA	RF01028	7
miRNA	RF01008	7
miRNA	RF02024	7
miRNA	RF02013	7
miRNA	RF00739	7
miRNA	RF00900	7
miRNA	RF00899	7
miRNA	RF00855	7
miRNA	RF02016	6
miRNA	RF00859	6
miRNA	RF00833	6
miRNA	RF01040	6
miRNA	RF00979	6
miRNA	RF00835	6
miRNA	RF00826	6
miRNA	RF00800	6
miRNA	RF00741	6
miRNA	RF00981	6
miRNA	RF00817	6
miRNA	RF01021	6
miRNA	RF00785	6
miRNA	RF01009	6
miRNA	RF01007	6
miRNA	RF01006	6
miRNA	RF01064	6
miRNA	RF00961	6
miRNA	RF01030	6
miRNA	RF00868	6
miRNA	RF00734	6
miRNA	RF00980	6
miRNA	RF00820	6
miRNA	RF00796	6
miRNA	RF00823	6
miRNA	RF00819	6
miRNA	RF00974	6
miRNA	RF00794	6
miRNA	RF00850	6
miRNA	RF02339	5
miRNA	RF01024	5
miRNA	RF00851	5
miRNA	RF00856	5
miRNA	RF00987	5
miRNA	RF02097	5
miRNA	RF00849	5
miRNA	RF02011	5
miRNA	RF00811	5
miRNA	RF01927	5
miRNA	RF00874	5
miRNA	RF00837	5
miRNA	RF01035	5
miRNA	RF00798	5
miRNA	RF00869	5
miRNA	RF00821	5
miRNA	RF01013	5
miRNA	RF00903	5
miRNA	RF01940	5
miRNA	RF02214	5
miRNA	RF00976	5
miRNA	RF00834	5
miRNA	RF00949	5
miRNA	RF01037	5
miRNA	RF00985	5
miRNA	RF00971	5
miRNA	RF00992	5
miRNA	RF02254	5
miRNA	RF02023	4
miRNA	RF00366	4
miRNA	RF00909	4
miRNA	RF01001	4
miRNA	RF00954	4
miRNA	RF00791	4
miRNA	RF01025	4
miRNA	RF00790	4
miRNA	RF00997	4
miRNA	RF00866	4
miRNA	RF00965	4
miRNA	RF01043	4
miRNA	RF00945	4
miRNA	RF01000	4
miRNA	RF00863	4
miRNA	RF02245	4
miRNA	RF00681	3
miRNA	RF02021	3
miRNA	RF00956	3
miRNA	RF00904	3
miRNA	RF00365	3
miRNA	RF00884	3
miRNA	RF02335	3
miRNA	RF02338	3
miRNA	RF02244	3
miRNA	RF00721	3
miRNA	RF00363	3
miRNA	RF00922	3
miRNA	RF00902	3
miRNA	RF00895	3
miRNA	RF00955	3
miRNA	RF00963	2
miRNA	RF00934	2
miRNA	RF01117	2
miRNA	RF00867	2
miRNA	RF00864	2
miRNA	RF00367	2
miRNA	RF00914	2
miRNA	RF00776	2
miRNA	RF00967	2
miRNA	RF00953	2
miRNA	RF00993	2
miRNA	RF00896	2
miRNA	RF01936	2
miRNA	RF00926	2
miRNA	RF00925	2
miRNA	RF00932	1
miRNA	RF00931	1
miRNA	RF00805	1
miRNA	RF02336	1
miRNA	RF00941	1
SRP_RNA	RF00017	103756
SRP_RNA	RF00169	2618
SRP_RNA	RF01854	472
SRP_RNA	RF01855	467
SRP_RNA	RF01857	229
SRP_RNA	RF01502	157
SRP_RNA	RF01856	51
snRNA	RF00026	42004
snRNA	RF00004	11249
snRNA	RF00003	10066
snRNA	RF00015	5948
snRNA	RF00020	3543
snRNA	RF00066	3002
snRNA	RF00619	2037
snRNA	RF00548	519
snRNA	RF00618	384
snRNA	RF00007	364
snRNA	RF01844	153
snRNA	RF00488	36
snRNA	RF01802	12
snRNA	RF02491	3
snRNA	RF02492	3
snRNA	RF02494	3
snRNA	RF02493	2
snRNA	RF01570	2
snoRNA	RF00097	10629
snoRNA	RF01210	6323
snoRNA	RF00409	5859
snoRNA	RF00012	3692
snoRNA	RF00560	1669
snoRNA	RF00156	1445
snoRNA	RF00181	1288
snoRNA	RF00410	1147
snoRNA	RF00105	1046
snoRNA	RF00554	928
snoRNA	RF00108	807
snoRNA	RF00561	712
snoRNA	RF00045	563
snoRNA	RF00432	543
snoRNA	RF00614	534
snoRNA	RF00321	529
snoRNA	RF00406	521
snoRNA	RF00096	486
snoRNA	RF00322	478
snoRNA	RF00016	478
snoRNA	RF01847	451
snoRNA	RF00568	402
snoRNA	RF00309	373
snoRNA	RF00149	373
snoRNA	RF00139	370
snoRNA	RF00049	363
snoRNA	RF00056	340
snoRNA	RF00213	332
snoRNA	RF00093	315
snoRNA	RF00392	311
snoRNA	RF00069	304
snoRNA	RF00334	297
snoRNA	RF00091	293
snoRNA	RF01233	293
snoRNA	RF00425	286
snoRNA	RF00191	280
snoRNA	RF01846	267
snoRNA	RF00428	265
snoRNA	RF00405	262
snoRNA	RF00133	260
snoRNA	RF00340	258
snoRNA	RF00190	256
snoRNA	RF01225	249
snoRNA	RF00408	246
snoRNA	RF00151	241
snoRNA	RF00411	229
snoRNA	RF00263	223
snoRNA	RF00581	218
snoRNA	RF00420	212
snoRNA	RF00211	211
snoRNA	RF00476	209
snoRNA	RF01421	205
snoRNA	RF00402	205
snoRNA	RF00413	204
snoRNA	RF00092	203
snoRNA	RF01284	201
snoRNA	RF00279	201
snoRNA	RF00421	198
snoRNA	RF00147	198
snoRNA	RF00099	196
snoRNA	RF00393	196
snoRNA	RF00325	194
snoRNA	RF00429	190
snoRNA	RF00604	190
snoRNA	RF00600	186
snoRNA	RF00598	186
snoRNA	RF00264	183
snoRNA	RF00272	180
snoRNA	RF01241	177
snoRNA	RF00601	177
snoRNA	RF00440	177
snoRNA	RF00438	176
snoRNA	RF00090	172
snoRNA	RF00398	170
snoRNA	RF00160	170
snoRNA	RF00132	168
snoRNA	RF00399	167
snoRNA	RF00494	162
snoRNA	RF00089	160
snoRNA	RF00278	160
snoRNA	RF00284	154
snoRNA	RF00095	154
snoRNA	RF00275	154
snoRNA	RF00212	152
snoRNA	RF00155	152
snoRNA	RF00067	150
snoRNA	RF00201	148
snoRNA	RF00400	148
snoRNA	RF00424	147
snoRNA	RF00401	146
snoRNA	RF01231	146
snoRNA	RF00277	145
snoRNA	RF00564	145
snoRNA	RF00443	143
snoRNA	RF00478	141
snoRNA	RF00396	141
snoRNA	RF00412	140
snoRNA	RF00571	139
snoRNA	RF00377	138
snoRNA	RF00563	134
snoRNA	RF00137	134
snoRNA	RF00422	134
snoRNA	RF01185	133
snoRNA	RF00188	133
snoRNA	RF00343	130
snoRNA	RF00599	129
snoRNA	RF01296	129
snoRNA	RF01285	129
snoRNA	RF00357	128
snoRNA	RF00055	127
snoRNA	RF00273	127
snoRNA	RF00271	126
snoRNA	RF00414	124
snoRNA	RF00157	124
snoRNA	RF01299	124
snoRNA	RF00324	123
snoRNA	RF01198	123
snoRNA	RF00543	123
snoRNA	RF00319	122
snoRNA	RF00416	122
snoRNA	RF00593	121
snoRNA	RF00302	121
snoRNA	RF01292	121
snoRNA	RF00286	119
snoRNA	RF01191	118
snoRNA	RF01227	115
snoRNA	RF00493	114
snoRNA	RF01302	114
snoRNA	RF00150	113
snoRNA	RF00591	113
snoRNA	RF00054	113
snoRNA	RF00332	113
snoRNA	RF00358	112
snoRNA	RF00339	112
snoRNA	RF00359	111
snoRNA	RF00153	110
snoRNA	RF01263	110
snoRNA	RF00335	110
snoRNA	RF01431	110
snoRNA	RF00431	109
snoRNA	RF00303	108
snoRNA	RF01242	108
snoRNA	RF00415	108
snoRNA	RF01433	108
snoRNA	RF00572	107
snoRNA	RF02539	107
snoRNA	RF00566	107
snoRNA	RF00397	106
snoRNA	RF00394	106
snoRNA	RF00586	106
snoRNA	RF01229	105
snoRNA	RF00138	105
snoRNA	RF00071	104
snoRNA	RF01215	104
snoRNA	RF00134	103
snoRNA	RF00203	102
snoRNA	RF00575	102
snoRNA	RF00611	100
snoRNA	RF00553	100
snoRNA	RF00296	99
snoRNA	RF00546	99
snoRNA	RF01430	99
snoRNA	RF00204	99
snoRNA	RF00135	98
snoRNA	RF00333	98
snoRNA	RF00348	98
snoRNA	RF00206	97
snoRNA	RF00304	96
snoRNA	RF00430	96
snoRNA	RF00582	96
snoRNA	RF00267	95
snoRNA	RF00602	95
snoRNA	RF00360	94
snoRNA	RF00330	94
snoRNA	RF00270	94
snoRNA	RF00200	94
snoRNA	RF00580	94
snoRNA	RF00532	94
snoRNA	RF01213	94
snoRNA	RF01262	92
snoRNA	RF00528	92
snoRNA	RF00418	92
snoRNA	RF00403	91
snoRNA	RF01206	91
snoRNA	RF01277	90
snoRNA	RF00283	89
snoRNA	RF00349	89
snoRNA	RF00426	88
snoRNA	RF00231	88
snoRNA	RF00592	88
snoRNA	RF00569	87
snoRNA	RF00423	87
snoRNA	RF00266	86
snoRNA	RF00136	85
snoRNA	RF01230	85
snoRNA	RF00345	85
snoRNA	RF00530	84
snoRNA	RF00265	84
snoRNA	RF01268	84
snoRNA	RF00545	83
snoRNA	RF01219	83
snoRNA	RF00154	83
snoRNA	RF00274	82
snoRNA	RF01269	82
snoRNA	RF01208	81
snoRNA	RF00300	81
snoRNA	RF00152	81
snoRNA	RF01207	81
snoRNA	RF01234	80
snoRNA	RF00218	80
snoRNA	RF00588	78
snoRNA	RF00573	78
snoRNA	RF00315	78
snoRNA	RF01513	77
snoRNA	RF00221	77
snoRNA	RF00158	77
snoRNA	RF00281	77
snoRNA	RF00613	76
snoRNA	RF01432	76
snoRNA	RF00562	76
snoRNA	RF00072	76
snoRNA	RF01290	75
snoRNA	RF01515	75
snoRNA	RF01424	75
snoRNA	RF01224	74
snoRNA	RF01848	73
snoRNA	RF01511	73
snoRNA	RF00046	73
snoRNA	RF00565	73
snoRNA	RF01505	72
snoRNA	RF01514	72
snoRNA	RF00145	72
snoRNA	RF00542	71
snoRNA	RF00492	71
snoRNA	RF00328	71
snoRNA	RF01509	70
snoRNA	RF00577	70
snoRNA	RF00070	69
snoRNA	RF02410	69
snoRNA	RF00202	69
snoRNA	RF00567	68
snoRNA	RF00609	68
snoRNA	RF00404	68
snoRNA	RF00594	68
snoRNA	RF00529	68
snoRNA	RF01860	67
snoRNA	RF00186	67
snoRNA	RF01280	67
snoRNA	RF01161	67
snoRNA	RF00419	67
snoRNA	RF01498	67
snoRNA	RF01178	67
snoRNA	RF01287	66
snoRNA	RF00533	66
snoRNA	RF01428	66
snoRNA	RF01294	65
snoRNA	RF01291	65
snoRNA	RF01295	65
snoRNA	RF01281	65
snoRNA	RF00350	64
snoRNA	RF00288	63
snoRNA	RF01192	63
snoRNA	RF00537	62
snoRNA	RF00289	61
snoRNA	RF00344	61
snoRNA	RF00353	61
snoRNA	RF00276	60
snoRNA	RF00544	60
snoRNA	RF00612	60
snoRNA	RF00342	60
snoRNA	RF01220	60
snoRNA	RF00189	59
snoRNA	RF01288	59
snoRNA	RF00088	59
snoRNA	RF00540	59
snoRNA	RF00578	59
snoRNA	RF00205	58
snoRNA	RF00142	58
snoRNA	RF00287	58
snoRNA	RF00280	58
snoRNA	RF00087	57
snoRNA	RF00538	57
snoRNA	RF01182	57
snoRNA	RF00337	56
snoRNA	RF01279	56
snoRNA	RF00085	56
snoRNA	RF00407	56
snoRNA	RF00608	55
snoRNA	RF00341	55
snoRNA	RF01278	55
snoRNA	RF00086	54
snoRNA	RF01170	54
snoRNA	RF01214	54
snoRNA	RF00217	54
snoRNA	RF01286	53
snoRNA	RF01426	53
snoRNA	RF00576	53
snoRNA	RF01159	53
snoRNA	RF00326	52
snoRNA	RF00579	52
snoRNA	RF00606	52
snoRNA	RF01155	52
snoRNA	RF00282	51
snoRNA	RF00427	50
snoRNA	RF00352	50
snoRNA	RF01247	50
snoRNA	RF00439	50
snoRNA	RF00535	49
snoRNA	RF00285	49
snoRNA	RF01228	49
snoRNA	RF01236	47
snoRNA	RF01252	47
snoRNA	RF01420	46
snoRNA	RF01258	46
snoRNA	RF00531	46
snoRNA	RF01186	46
snoRNA	RF00536	46
snoRNA	RF00603	45
snoRNA	RF01422	44
snoRNA	RF00355	44
snoRNA	RF01209	44
snoRNA	RF01500	44
snoRNA	RF02411	43
snoRNA	RF00187	43
snoRNA	RF01133	43
snoRNA	RF01169	43
snoRNA	RF00574	43
snoRNA	RF01255	43
snoRNA	RF01248	42
snoRNA	RF01507	41
snoRNA	RF01200	41
snoRNA	RF00526	41
snoRNA	RF00068	41
snoRNA	RF01164	40
snoRNA	RF01211	40
snoRNA	RF01183	40
snoRNA	RF01267	40
snoRNA	RF01179	39
snoRNA	RF00473	39
snoRNA	RF00570	39
snoRNA	RF01239	39
snoRNA	RF01251	39
snoRNA	RF01188	39
snoRNA	RF01265	38
snoRNA	RF01506	38
snoRNA	RF00474	38
snoRNA	RF01156	38
snoRNA	RF01253	38
snoRNA	RF00610	38
snoRNA	RF01193	38
snoRNA	RF01151	38
snoRNA	RF01168	37
snoRNA	RF01283	37
snoRNA	RF00482	37
snoRNA	RF00479	37
snoRNA	RF01256	37
snoRNA	RF01539	37
snoRNA	RF01423	36
snoRNA	RF01177	36
snoRNA	RF01184	36
snoRNA	RF00584	36
snoRNA	RF02413	35
snoRNA	RF01427	35
snoRNA	RF00356	35
snoRNA	RF00527	35
snoRNA	RF01218	35
snoRNA	RF01300	34
snoRNA	RF01261	34
snoRNA	RF00417	34
snoRNA	RF01271	34
snoRNA	RF00291	34
snoRNA	RF02407	34
snoRNA	RF01173	34
snoRNA	RF01203	34
snoRNA	RF01201	34
snoRNA	RF00475	34
snoRNA	RF01174	33
snoRNA	RF01223	33
snoRNA	RF01254	32
snoRNA	RF01272	32
snoRNA	RF00472	32
snoRNA	RF00539	32
snoRNA	RF01181	32
snoRNA	RF01212	31
snoRNA	RF01257	31
snoRNA	RF01270	31
snoRNA	RF00471	30
snoRNA	RF01216	30
snoRNA	RF01237	30
snoRNA	RF01541	30
snoRNA	RF01522	30
snoRNA	RF01240	29
snoRNA	RF01259	29
snoRNA	RF01264	29
snoRNA	RF01249	28
snoRNA	RF01660	28
snoRNA	RF01163	28
snoRNA	RF00607	27
snoRNA	RF01499	27
snoRNA	RF01260	27
snoRNA	RF01176	26
snoRNA	RF00509	26
snoRNA	RF01250	25
snoRNA	RF00351	25
snoRNA	RF01152	25
snoRNA	RF00307	25
snoRNA	RF01540	24
snoRNA	RF00541	24
snoRNA	RF01501	24
snoRNA	RF01266	23
snoRNA	RF02402	23
snoRNA	RF00295	23
snoRNA	RF00311	23
snoRNA	RF01195	23
snoRNA	RF00294	23
snoRNA	RF01637	23
snoRNA	RF01197	22
snoRNA	RF00336	22
snoRNA	RF00292	22
snoRNA	RF01131	22
snoRNA	RF01244	21
snoRNA	RF00329	21
snoRNA	RF01546	21
snoRNA	RF01547	21
snoRNA	RF01238	21
snoRNA	RF01204	20
snoRNA	RF01607	20
snoRNA	RF02163	20
snoRNA	RF01588	20
snoRNA	RF01139	19
snoRNA	RF00477	19
snoRNA	RF01549	19
snoRNA	RF01226	19
snoRNA	RF01196	19
snoRNA	RF01304	19
snoRNA	RF01629	18
snoRNA	RF01630	18
snoRNA	RF00159	18
snoRNA	RF00317	17
snoRNA	RF01548	17
snoRNA	RF01122	17
snoRNA	RF01654	17
snoRNA	RF01525	17
snoRNA	RF01145	17
snoRNA	RF01293	17
snoRNA	RF01664	17
snoRNA	RF01175	17
snoRNA	RF01655	16
snoRNA	RF01136	16
snoRNA	RF01661	16
snoRNA	RF00361	16
snoRNA	RF01610	16
snoRNA	RF01653	16
snoRNA	RF01861	16
snoRNA	RF01232	16
snoRNA	RF00268	15
snoRNA	RF01301	15
snoRNA	RF01543	15
snoRNA	RF01243	15
snoRNA	RF01611	15
snoRNA	RF01158	15
snoRNA	RF01552	14
snoRNA	RF01246	14
snoRNA	RF01536	14
snoRNA	RF00208	14
snoRNA	RF01308	14
snoRNA	RF01553	14
snoRNA	RF01140	14
snoRNA	RF01544	14
snoRNA	RF01221	13
snoRNA	RF01550	13
snoRNA	RF01273	13
snoRNA	RF01620	13
snoRNA	RF00316	13
snoRNA	RF01274	13
snoRNA	RF01556	12
snoRNA	RF01615	12
snoRNA	RF01126	12
snoRNA	RF01120	12
snoRNA	RF01128	12
snoRNA	RF01309	12
snoRNA	RF01555	12
snoRNA	RF00301	12
snoRNA	RF01601	12
snoRNA	RF01138	12
snoRNA	RF01130	12
snoRNA	RF01533	12
snoRNA	RF01205	12
snoRNA	RF01245	12
snoRNA	RF00312	11
snoRNA	RF00441	11
snoRNA	RF01524	11
snoRNA	RF01627	11
snoRNA	RF01537	11
snoRNA	RF01538	11
snoRNA	RF01124	11
snoRNA	RF01598	11
snoRNA	RF01307	11
snoRNA	RF00293	11
snoRNA	RF01150	11
snoRNA	RF01532	11
snoRNA	RF01275	11
snoRNA	RF01199	11
snoRNA	RF01558	11
snoRNA	RF01645	10
snoRNA	RF01535	10
snoRNA	RF01202	10
snoRNA	RF01592	10
snoRNA	RF01289	10
snoRNA	RF01531	10
snoRNA	RF01602	10
snoRNA	RF01631	10
snoRNA	RF01305	10
snoRNA	RF01862	10
snoRNA	RF01180	10
snoRNA	RF01542	10
snoRNA	RF01144	10
snoRNA	RF01624	10
snoRNA	RF01596	10
snoRNA	RF01613	10
snoRNA	RF01557	10
snoRNA	RF01608	9
snoRNA	RF01600	9
snoRNA	RF01523	9
snoRNA	RF01612	9
snoRNA	RF01614	9
snoRNA	RF01606	9
snoRNA	RF01642	9
snoRNA	RF01438	9
snoRNA	RF01639	9
snoRNA	RF01640	9
snoRNA	RF01235	9
snoRNA	RF01594	9
snoRNA	RF01429	9
snoRNA	RF01626	9
snoRNA	RF01638	9
snoRNA	RF01162	9
snoRNA	RF01652	9
snoRNA	RF01312	9
snoRNA	RF01603	9
snoRNA	RF01554	9
snoRNA	RF00338	9
snoRNA	RF01599	9
snoRNA	RF00065	9
snoRNA	RF01651	8
snoRNA	RF01633	8
snoRNA	RF01153	8
snoRNA	RF01585	8
snoRNA	RF01644	8
snoRNA	RF01635	8
snoRNA	RF01658	8
snoRNA	RF01147	8
snoRNA	RF01149	8
snoRNA	RF01586	8
snoRNA	RF01194	8
snoRNA	RF01190	8
snoRNA	RF01189	8
snoRNA	RF01591	8
snoRNA	RF01310	8
snoRNA	RF01167	8
snoRNA	RF01583	8
snoRNA	RF02406	8
snoRNA	RF01662	8
snoRNA	RF01866	8
snoRNA	RF01593	8
snoRNA	RF02409	8
snoRNA	RF00327	8
snoRNA	RF01618	8
snoRNA	RF00331	7
snoRNA	RF01634	7
snoRNA	RF01142	7
snoRNA	RF01622	7
snoRNA	RF01621	7
snoRNA	RF01587	7
snoRNA	RF01172	7
snoRNA	RF01625	7
snoRNA	RF01135	7
snoRNA	RF01632	7
snoRNA	RF01604	7
snoRNA	RF01646	7
snoRNA	RF01526	7
snoRNA	RF00314	7
snoRNA	RF01864	7
snoRNA	RF01617	7
snoRNA	RF01595	7
snoRNA	RF00305	7
snoRNA	RF01647	7
snoRNA	RF01659	7
snoRNA	RF01597	7
snoRNA	RF01157	7
snoRNA	RF01649	7
snoRNA	RF01425	7
snoRNA	RF01534	7
snoRNA	RF01561	6
snoRNA	RF01222	6
snoRNA	RF01589	6
snoRNA	RF01141	6
snoRNA	RF01119	6
snoRNA	RF01121	6
snoRNA	RF01127	6
snoRNA	RF01628	6
snoRNA	RF00313	6
snoRNA	RF02315	6
snoRNA	RF01160	6
snoRNA	RF01636	6
snoRNA	RF01605	6
snoRNA	RF01648	6
snoRNA	RF01166	6
snoRNA	RF00320	6
snoRNA	RF01452	6
snoRNA	RF01609	6
snoRNA	RF01129	5
snoRNA	RF01641	5
snoRNA	RF02481	5
snoRNA	RF01134	5
snoRNA	RF01132	5
snoRNA	RF02473	5
snoRNA	RF02408	5
snoRNA	RF01447	5
snoRNA	RF02403	5
snoRNA	RF01560	5
snoRNA	RF01435	5
snoRNA	RF00310	5
snoRNA	RF01165	5
snoRNA	RF01276	5
snoRNA	RF02412	5
snoRNA	RF01303	5
snoRNA	RF01590	5
snoRNA	RF02283	5
snoRNA	RF01551	5
snoRNA	RF01584	5
snoRNA	RF02316	4
snoRNA	RF01442	4
snoRNA	RF01443	4
snoRNA	RF01123	4
snoRNA	RF02301	4
snoRNA	RF01306	4
snoRNA	RF02330	4
snoRNA	RF02281	4
snoRNA	RF02295	4
snoRNA	RF01566	4
snoRNA	RF02487	4
snoRNA	RF02302	4
snoRNA	RF02287	4
snoRNA	RF02314	4
snoRNA	RF01569	4
snoRNA	RF01444	4
snoRNA	RF01440	4
snoRNA	RF01434	4
snoRNA	RF01436	4
snoRNA	RF01439	4
snoRNA	RF02318	4
snoRNA	RF01437	4
snoRNA	RF02288	4
snoRNA	RF02484	4
snoRNA	RF02488	4
snoRNA	RF02486	4
snoRNA	RF01449	4
snoRNA	RF01445	4
snoRNA	RF01545	4
snoRNA	RF02299	3
snoRNA	RF02290	3
snoRNA	RF02284	3
snoRNA	RF02292	3
snoRNA	RF02293	3
snoRNA	RF02294	3
snoRNA	RF02296	3
snoRNA	RF02297	3
snoRNA	RF02285	3
snoRNA	RF02280	3
snoRNA	RF02282	3
snoRNA	RF02289	3
snoRNA	RF02483	3
snoRNA	RF02489	3
snoRNA	RF01448	3
snoRNA	RF00318	3
snoRNA	RF02485	3
snoRNA	RF02323	3
snoRNA	RF02324	3
snoRNA	RF02305	3
snoRNA	RF02325	3
snoRNA	RF02307	3
snoRNA	RF02306	3
snoRNA	RF01572	3
snoRNA	RF02326	3
snoRNA	RF02327	3
snoRNA	RF02320	3
snoRNA	RF02328	3
snoRNA	RF01171	3
snoRNA	RF02303	3
snoRNA	RF02309	3
snoRNA	RF02308	3
snoRNA	RF02490	3
snoRNA	RF02312	3
snoRNA	RF02313	3
snoRNA	RF02310	3
snoRNA	RF02317	3
snoRNA	RF02321	3
snoRNA	RF01563	3
snoRNA	RF01568	3
snoRNA	RF01441	3
snoRNA	RF02474	3
snoRNA	RF02475	3
snoRNA	RF02476	3
snoRNA	RF02477	3
snoRNA	RF02478	3
snoRNA	RF02479	3
snoRNA	RF01446	3
snoRNA	RF00306	3
snoRNA	RF02319	3
snoRNA	RF02333	3
snoRNA	RF02279	3
snoRNA	RF02332	3
snoRNA	RF02331	3
snoRNA	RF02334	3
snoRNA	RF02482	3
snoRNA	RF02480	3
snoRNA	RF02329	2
snoRNA	RF01137	2
snoRNA	RF02291	2
snoRNA	RF02322	2
snoRNA	RF01559	2
snoRNA	RF01863	2
snoRNA	RF01574	2
snoRNA	RF01451	2
snoRNA	RF02304	2
snoRNA	RF01297	2
snoRNA	RF00323	2
snoRNA	RF01516	2
snoRNA	RF01565	2
snoRNA	RF01450	2
snoRNA	RF02311	2
snoRNA	RF02298	2
snoRNA	RF01573	2
snoRNA	RF01575	2
snoRNA	RF02300	2
snoRNA	RF02286	2
snoRNA	RF01650	1
snoRNA	RF01576	1
snoRNA	RF01125	1
snoRNA	RF01562	1
snoRNA	RF01298	1
snoRNA	RF01146	1
snoRNA	RF01567	1
snoRNA	RF01564	1
hammerhead	RF00163	39537
hammerhead	RF00008	564
antisense_	RF01853	2580
antisense_	RF01782	2290
antisense_	RF01695	1754
antisense_	RF01419	1533
antisense_	RF00106	444
antisense_	RF02194	258
antisense_	RF00534	136
antisense_	RF00042	89
antisense_	RF00240	76
antisense_	RF00238	75
antisense_	RF00033	74
antisense_	RF01494	74
antisense_	RF00489	60
antisense_	RF00242	44
antisense_	RF01456	42
antisense_	RF01458	38
antisense_	RF00262	31
antisense_	RF00039	24
antisense_	RF00236	24
antisense_	RF01416	17
antisense_	RF00388	15
antisense_	RF01475	12
antisense_	RF00043	10
RNase_P_RN	RF00010	4859
RNase_P_RN	RF00009	788
RNase_P_RN	RF00011	534
RNase_P_RN	RF00373	298
tmRNA,other	RF00023	904
tmRNA,other	RF01849	15
tmRNA,other	RF01850	1
ribozyme	RF02276	225
ribozyme	RF00094	208
ribozyme	RF00622	75
ribozyme	RF02275	44
ribozyme	RF02277	37
ribozyme	RF00621	26
ribozyme	RF01807	14
ribozyme	RF01577	14
ribozyme	RF02357	13
ribozyme	RF01865	4
ribozyme	RF00173	3
ribozyme	RF02472	3
miRNA,precursor_	RF00639	51
miRNA,precursor_	RF00641	23
miRNA,precursor_	RF00668	14
miRNA,precursor_	RF00756	8
miRNA,precursor_	RF00451	8
miRNA,precursor_	RF00645	7
miRNA,precursor_	RF00735	7
miRNA,precursor_	RF00680	5
miRNA,precursor_	RF00667	5
miRNA,precursor_	RF01937	5
miRNA,precursor_	RF00842	5
miRNA,precursor_	RF00841	4
miRNA,precursor_	RF00722	4
miRNA,precursor_	RF00655	4
miRNA,precursor_	RF00257	4
miRNA,precursor_	RF00872	4
miRNA,precursor_	RF00649	4
miRNA,precursor_	RF00445	4
miRNA,precursor_	RF00701	4
miRNA,precursor_	RF00027	4
miRNA,precursor_	RF00638	4
miRNA,precursor_	RF00708	4
miRNA,precursor_	RF00744	4
miRNA,precursor_	RF00075	4
miRNA,precursor_	RF00725	4
miRNA,precursor_	RF00954	3
miRNA,precursor_	RF00666	3
miRNA,precursor_	RF00456	3
miRNA,precursor_	RF00861	3
miRNA,precursor_	RF00991	3
miRNA,precursor_	RF00987	3
miRNA,precursor_	RF00736	3
miRNA,precursor_	RF00958	3
miRNA,precursor_	RF00714	3
miRNA,precursor_	RF00711	3
miRNA,precursor_	RF02516	3
miRNA,precursor_	RF00839	3
miRNA,precursor_	RF00919	3
miRNA,precursor_	RF00699	3
miRNA,precursor_	RF00248	3
miRNA,precursor_	RF00912	3
miRNA,precursor_	RF00733	3
miRNA,precursor_	RF00731	3
miRNA,precursor_	RF00053	3
miRNA,precursor_	RF00935	3
miRNA,precursor_	RF00718	3
miRNA,precursor_	RF00753	3
miRNA,precursor_	RF00996	3
miRNA,precursor_	RF00933	3
miRNA,precursor_	RF01015	2
miRNA,precursor_	RF00771	2
miRNA,precursor_	RF02520	2
miRNA,precursor_	RF01010	2
miRNA,precursor_	RF01314	2
miRNA,precursor_	RF00695	2
miRNA,precursor_	RF00709	2
miRNA,precursor_	RF00650	2
miRNA,precursor_	RF00769	2
miRNA,precursor_	RF00693	2
miRNA,precursor_	RF01040	2
miRNA,precursor_	RF00051	2
miRNA,precursor_	RF01024	2
miRNA,precursor_	RF00740	2
miRNA,precursor_	RF01031	2
miRNA,precursor_	RF01007	2
miRNA,precursor_	RF01006	2
miRNA,precursor_	RF00239	2
miRNA,precursor_	RF00130	2
miRNA,precursor_	RF00862	2
miRNA,precursor_	RF02020	2
miRNA,precursor_	RF00910	2
miRNA,precursor_	RF00917	2
miRNA,precursor_	RF01039	2
miRNA,precursor_	RF01008	2
miRNA,precursor_	RF00687	2
miRNA,precursor_	RF01030	2
miRNA,precursor_	RF00746	2
miRNA,precursor_	RF01032	2
miRNA,precursor_	RF00758	2
miRNA,precursor_	RF00972	2
miRNA,precursor_	RF00845	2
miRNA,precursor_	RF01016	2
miRNA,precursor_	RF00688	2
miRNA,precursor_	RF00719	2
miRNA,precursor_	RF01025	2
miRNA,precursor_	RF01023	2
miRNA,precursor_	RF01021	2
miRNA,precursor_	RF00946	2
miRNA,precursor_	RF00773	2
miRNA,precursor_	RF01044	2
miRNA,precursor_	RF01001	2
miRNA,precursor_	RF00178	2
miRNA,precursor_	RF00657	2
miRNA,precursor_	RF00887	2
miRNA,precursor_	RF00997	2
miRNA,precursor_	RF00766	2
miRNA,precursor_	RF00723	2
miRNA,precursor_	RF00767	2
miRNA,precursor_	RF00952	2
miRNA,precursor_	RF00762	2
miRNA,precursor_	RF00715	2
miRNA,precursor_	RF00760	2
miRNA,precursor_	RF00660	2
miRNA,precursor_	RF00879	2
miRNA,precursor_	RF00973	2
miRNA,precursor_	RF00890	2
miRNA,precursor_	RF00705	2
miRNA,precursor_	RF00793	2
miRNA,precursor_	RF00976	2
miRNA,precursor_	RF00873	2
miRNA,precursor_	RF00979	2
miRNA,precursor_	RF00978	2
miRNA,precursor_	RF00748	2
miRNA,precursor_	RF01003	2
miRNA,precursor_	RF00983	2
miRNA,precursor_	RF00927	2
miRNA,precursor_	RF00961	2
miRNA,precursor_	RF00965	2
miRNA,precursor_	RF01000	2
miRNA,precursor_	RF00981	2
miRNA,precursor_	RF00670	2
miRNA,precursor_	RF02017	2
miRNA,precursor_	RF00672	2
miRNA,precursor_	RF02015	2
miRNA,precursor_	RF00968	2
miRNA,precursor_	RF00464	2
miRNA,precursor_	RF00995	2
miRNA,precursor_	RF01036	2
miRNA,precursor_	RF00937	2
miRNA,precursor_	RF00103	2
miRNA,precursor_	RF00939	2
miRNA,precursor_	RF01910	2
miRNA,precursor_	RF00909	2
miRNA,precursor_	RF01041	2
miRNA,precursor_	RF01042	2
miRNA,precursor_	RF00703	1
miRNA,precursor_	RF02517	1
miRNA,precursor_	RF00455	1
miRNA,precursor_	RF02022	1
miRNA,precursor_	RF00825	1
miRNA,precursor_	RF00684	1
miRNA,precursor_	RF00822	1
miRNA,precursor_	RF00706	1
miRNA,precursor_	RF02024	1
miRNA,precursor_	RF00984	1
miRNA,precursor_	RF02023	1
miRNA,precursor_	RF01018	1
miRNA,precursor_	RF00990	1
miRNA,precursor_	RF00729	1
miRNA,precursor_	RF01013	1
miRNA,precursor_	RF01012	1
miRNA,precursor_	RF00682	1
miRNA,precursor_	RF00931	1
miRNA,precursor_	RF00932	1
miRNA,precursor_	RF02008	1
miRNA,precursor_	RF00948	1
miRNA,precursor_	RF00783	1
miRNA,precursor_	RF00730	1
miRNA,precursor_	RF00784	1
miRNA,precursor_	RF00785	1
miRNA,precursor_	RF00787	1
miRNA,precursor_	RF00942	1
miRNA,precursor_	RF01920	1
miRNA,precursor_	RF00941	1
miRNA,precursor_	RF00945	1
miRNA,precursor_	RF00957	1
miRNA,precursor_	RF00959	1
miRNA,precursor_	RF00806	1
miRNA,precursor_	RF00721	1
miRNA,precursor_	RF00665	1
miRNA,precursor_	RF00928	1
miRNA,precursor_	RF00949	1
miRNA,precursor_	RF01899	1
miRNA,precursor_	RF00921	1
miRNA,precursor_	RF01002	1
miRNA,precursor_	RF00801	1
miRNA,precursor_	RF00988	1
miRNA,precursor_	RF01033	1
miRNA,precursor_	RF00761	1
miRNA,precursor_	RF00763	1
miRNA,precursor_	RF00765	1
miRNA,precursor_	RF00764	1
miRNA,precursor_	RF00074	1
miRNA,precursor_	RF01019	1
miRNA,precursor_	RF00648	1
miRNA,precursor_	RF02028	1
miRNA,precursor_	RF00805	1
miRNA,precursor_	RF00642	1
miRNA,precursor_	RF00643	1
miRNA,precursor_	RF01045	1
miRNA,precursor_	RF00905	1
miRNA,precursor_	RF00964	1
miRNA,precursor_	RF02019	1
miRNA,precursor_	RF02011	1
miRNA,precursor_	RF02097	1
miRNA,precursor_	RF00878	1
miRNA,precursor_	RF02095	1
miRNA,precursor_	RF00975	1
miRNA,precursor_	RF00969	1
miRNA,precursor_	RF00897	1
miRNA,precursor_	RF00770	1
miRNA,precursor_	RF00999	1
miRNA,precursor_	RF00962	1
miRNA,precursor_	RF00960	1
miRNA,precursor_	RF00998	1
miRNA,precursor_	RF02094	1
miRNA,precursor_	RF00247	1
miRNA,precursor_	RF00647	1
miRNA,precursor_	RF00717	1
miRNA,precursor_	RF02093	1
miRNA,precursor_	RF00895	1
miRNA,precursor_	RF00658	1
miRNA,precursor_	RF00654	1
miRNA,precursor_	RF00818	1
miRNA,precursor_	RF00974	1
miRNA,precursor_	RF00676	1
miRNA,precursor_	RF00674	1
miRNA,precursor_	RF00776	1
miRNA,precursor_	RF01028	1
miRNA,precursor_	RF01027	1
miRNA,precursor_	RF01938	1
miRNA,precursor_	RF02214	1
miRNA,precursor_	RF00840	1
miRNA,precursor_	RF00129	1
miRNA,precursor_	RF01936	1
miRNA,precursor_	RF00970	1
miRNA,precursor_	RF01037	1
miRNA,precursor_	RF01035	1
miRNA,precursor_	RF00751	1
miRNA,precursor_	RF00752	1
miRNA,precursor_	RF00992	1
miRNA,precursor_	RF00755	1
miRNA,precursor_	RF00914	1
miRNA,precursor_	RF00911	1
miRNA,precursor_	RF00830	1
miRNA,precursor_	RF00834	1
miRNA,precursor_	RF01022	1
miRNA,precursor_	RF01029	1
miRNA,precursor_	RF00777	1
miRNA,precursor_	RF00741	1
miRNA,precursor_	RF00775	1
miRNA,precursor_	RF00772	1
miRNA,precursor_	RF00679	1
miRNA,precursor_	RF00792	1
miRNA,precursor_	RF01059	1
miRNA,precursor_	RF00966	1
miRNA,precursor_	RF00829	1
miRNA,precursor_	RF00781	1
miRNA,precursor_	RF00690	1
miRNA,precursor_	RF00803	1
miRNA,precursor_	RF00246	1
miRNA,precursor_	RF00664	1
miRNA,precursor_	RF00980	1
miRNA,precursor_	RF00985	1
miRNA,precursor_	RF00986	1
miRNA,precursor_	RF02006	1
miRNA,precursor_	RF02007	1
miRNA,precursor_	RF00971	1
other,misc_RNA	RF00113	49
other,misc_RNA	RF00013	45
other,misc_RNA	RF00023	26
other,misc_RNA	RF00021	17
other,misc_RNA	RF00079	17
other,misc_RNA	RF00126	12
other,misc_RNA	RF00630	12
other,misc_RNA	RF00018	12
other,misc_RNA	RF00082	11
other,misc_RNA	RF00110	10
other,misc_RNA	RF00112	9
other,misc_RNA	RF00057	9
other,misc_RNA	RF00077	9
other,misc_RNA	RF00369	8
other,misc_RNA	RF00378	8
other,misc_RNA	RF00101	8
other,misc_RNA	RF00084	8
other,misc_RNA	RF00371	8
other,misc_RNA	RF00370	7
other,misc_RNA	RF00034	7
other,misc_RNA	RF00117	7
other,misc_RNA	RF01794	7
other,misc_RNA	RF00081	6
other,misc_RNA	RF00519	6
other,misc_RNA	RF00022	5
other,misc_RNA	RF00119	5
other,misc_RNA	RF00116	5
other,misc_RNA	RF00128	5
other,misc_RNA	RF01830	5
other,misc_RNA	RF02031	4
other,misc_RNA	RF01770	4
other,misc_RNA	RF01401	4
other,misc_RNA	RF01796	4
other,misc_RNA	RF00083	3
other,misc_RNA	RF00505	3
other,misc_RNA	RF01769	3
other,misc_RNA	RF00078	3
other,misc_RNA	RF00125	3
other,misc_RNA	RF00616	3
other,misc_RNA	RF02029	3
other,misc_RNA	RF01408	3
other,misc_RNA	RF00444	3
other,misc_RNA	RF02030	3
other,misc_RNA	RF01813	3
other,misc_RNA	RF00127	3
other,misc_RNA	RF01410	3
other,misc_RNA	RF00122	3
other,misc_RNA	RF01492	2
other,misc_RNA	RF01656	2
other,misc_RNA	RF00062	2
other,misc_RNA	RF01400	2
other,misc_RNA	RF01396	2
other,misc_RNA	RF00503	2
other,misc_RNA	RF00102	2
other,misc_RNA	RF02111	2
other,misc_RNA	RF01690	2
other,misc_RNA	RF01789	2
other,misc_RNA	RF02051	2
other,misc_RNA	RF02076	2
other,misc_RNA	RF02084	2
other,misc_RNA	RF01851	2
other,misc_RNA	RF01809	2
other,misc_RNA	RF02379	2
other,misc_RNA	RF00124	2
other,misc_RNA	RF01412	2
other,misc_RNA	RF00195	2
other,misc_RNA	RF01820	2
other,misc_RNA	RF00628	2
other,misc_RNA	RF02081	2
other,misc_RNA	RF02082	2
other,misc_RNA	RF00014	2
other,misc_RNA	RF00111	2
other,misc_RNA	RF02074	2
other,misc_RNA	RF00115	2
other,misc_RNA	RF00170	2
other,misc_RNA	RF02069	2
other,misc_RNA	RF01781	2
other,misc_RNA	RF01623	2
other,misc_RNA	RF02495	2
other,misc_RNA	RF02057	1
other,misc_RNA	RF02083	1
other,misc_RNA	RF02273	1
other,misc_RNA	RF01780	1
other,misc_RNA	RF01619	1
other,misc_RNA	RF00199	1
other,misc_RNA	RF02052	1
other,misc_RNA	RF01791	1
other,misc_RNA	RF00118	1
other,misc_RNA	RF01783	1
other,misc_RNA	RF00615	1
other,misc_RNA	RF02368	1
other,misc_RNA	RF00064	1
other,misc_RNA	RF01394	1
other,misc_RNA	RF01771	1
other,misc_RNA	RF01732	1
other,misc_RNA	RF01779	1
other,misc_RNA	RF02079	1
other,misc_RNA	RF01407	1
other,misc_RNA	RF01677	1
other,misc_RNA	RF01679	1
other,misc_RNA	RF00121	1
other,misc_RNA	RF00060	1
other,misc_RNA	RF01053	1
other,misc_RNA	RF01811	1
other,misc_RNA	RF01335	1
other,misc_RNA	RF01798	1
other,misc_RNA	RF01397	1
other,misc_RNA	RF02060	1
other,misc_RNA	RF01643	1
other,misc_RNA	RF00368	1
other,misc_RNA	RF01674	1
other,misc_RNA	RF00372	1
other,misc_RNA	RF00235	1
other,misc_RNA	RF00063	1
other,misc_RNA	RF02367	1
other,misc_RNA	RF01405	1
other,misc_RNA	RF01409	1
other,misc_RNA	RF01337	1
other,misc_RNA	RF00107	1
other,misc_RNA	RF01691	1
other,misc_RNA	RF01793	1
other,misc_RNA	RF01682	1
other,misc_RNA	RF01317	1
other,misc_RNA	RF02405	1
other,misc_RNA	RF01680	1
other,misc_RNA	RF02068	1
other,misc_RNA	RF01765	1
other,misc_RNA	RF01671	1
other,misc_RNA	RF02053	1
RNase_MRP_	RF00030	610
rRNA,misc_RNA	RF00177	81
rRNA,misc_RNA	RF02543	60
rRNA,misc_RNA	RF02541	60
rRNA,misc_RNA	RF01960	30
rRNA,misc_RNA	RF00001	10
rRNA,misc_RNA	RF01118	10
rRNA,misc_RNA	RF01959	1
rRNA,misc_RNA	RF02542	1
vault_RNA	RF00006	480
precursor_,miRNA	RF00639	19
precursor_,miRNA	RF00645	7
precursor_,miRNA	RF00722	7
precursor_,miRNA	RF00668	5
precursor_,miRNA	RF00670	4
precursor_,miRNA	RF00649	4
precursor_,miRNA	RF00942	4
precursor_,miRNA	RF00655	4
precursor_,miRNA	RF00660	4
precursor_,miRNA	RF00254	4
precursor_,miRNA	RF00715	3
precursor_,miRNA	RF00452	3
precursor_,miRNA	RF00719	3
precursor_,miRNA	RF00723	3
precursor_,miRNA	RF00456	3
precursor_,miRNA	RF02516	3
precursor_,miRNA	RF00178	3
precursor_,miRNA	RF00671	3
precursor_,miRNA	RF00829	3
precursor_,miRNA	RF00464	3
precursor_,miRNA	RF00708	2
precursor_,miRNA	RF00486	2
precursor_,miRNA	RF00918	2
precursor_,miRNA	RF00667	2
precursor_,miRNA	RF00666	2
precursor_,miRNA	RF00131	2
precursor_,miRNA	RF00053	2
precursor_,miRNA	RF00955	2
precursor_,miRNA	RF00706	2
precursor_,miRNA	RF00664	2
precursor_,miRNA	RF00725	2
precursor_,miRNA	RF00952	2
precursor_,miRNA	RF00939	2
precursor_,miRNA	RF00936	2
precursor_,miRNA	RF00672	2
precursor_,miRNA	RF01936	2
precursor_,miRNA	RF00446	2
precursor_,miRNA	RF00750	2
precursor_,miRNA	RF00910	2
precursor_,miRNA	RF00711	2
precursor_,miRNA	RF00897	2
precursor_,miRNA	RF00753	2
precursor_,miRNA	RF00917	2
precursor_,miRNA	RF00756	2
precursor_,miRNA	RF00746	1
precursor_,miRNA	RF01996	1
precursor_,miRNA	RF00798	1
precursor_,miRNA	RF00778	1
precursor_,miRNA	RF00734	1
precursor_,miRNA	RF02518	1
precursor_,miRNA	RF00736	1
precursor_,miRNA	RF00662	1
precursor_,miRNA	RF00966	1
precursor_,miRNA	RF00842	1
precursor_,miRNA	RF00788	1
precursor_,miRNA	RF00828	1
precursor_,miRNA	RF00712	1
precursor_,miRNA	RF01002	1
precursor_,miRNA	RF00931	1
precursor_,miRNA	RF00792	1
precursor_,miRNA	RF00775	1
precursor_,miRNA	RF00962	1
precursor_,miRNA	RF01018	1
precursor_,miRNA	RF00777	1
precursor_,miRNA	RF00129	1
precursor_,miRNA	RF02244	1
precursor_,miRNA	RF00954	1
precursor_,miRNA	RF01899	1
precursor_,miRNA	RF00857	1
precursor_,miRNA	RF00849	1
precursor_,miRNA	RF00744	1
precursor_,miRNA	RF00740	1
precursor_,miRNA	RF00741	1
precursor_,miRNA	RF00743	1
precursor_,miRNA	RF00986	1
precursor_,miRNA	RF00074	1
precursor_,miRNA	RF00703	1
precursor_,miRNA	RF00985	1
precursor_,miRNA	RF01029	1
precursor_,miRNA	RF00827	1
precursor_,miRNA	RF00846	1
precursor_,miRNA	RF01028	1
precursor_,miRNA	RF00911	1
precursor_,miRNA	RF00998	1
precursor_,miRNA	RF00051	1
precursor_,miRNA	RF01013	1
precursor_,miRNA	RF02016	1
precursor_,miRNA	RF00850	1
precursor_,miRNA	RF00851	1
precursor_,miRNA	RF00791	1
precursor_,miRNA	RF00853	1
precursor_,miRNA	RF00854	1
precursor_,miRNA	RF01022	1
precursor_,miRNA	RF00963	1
precursor_,miRNA	RF00650	1
precursor_,miRNA	RF00699	1
precursor_,miRNA	RF00764	1
precursor_,miRNA	RF00760	1
precursor_,miRNA	RF00245	1
precursor_,miRNA	RF01027	1
precursor_,miRNA	RF00130	1
precursor_,miRNA	RF00704	1
precursor_,miRNA	RF00731	1
precursor_,miRNA	RF00701	1
precursor_,miRNA	RF00837	1
precursor_,miRNA	RF02094	1
precursor_,miRNA	RF00835	1
precursor_,miRNA	RF01005	1
precursor_,miRNA	RF01015	1
precursor_,miRNA	RF00975	1
precursor_,miRNA	RF00956	1
precursor_,miRNA	RF00839	1
precursor_,miRNA	RF01012	1
precursor_,miRNA	RF00980	1
precursor_,miRNA	RF00657	1
precursor_,miRNA	RF00970	1
precursor_,miRNA	RF00814	1
precursor_,miRNA	RF00658	1
precursor_,miRNA	RF00810	1
precursor_,miRNA	RF00856	1
precursor_,miRNA	RF00813	1
precursor_,miRNA	RF01920	1
precursor_,miRNA	RF00896	1
precursor_,miRNA	RF00919	1
precursor_,miRNA	RF00763	1
precursor_,miRNA	RF01945	1
precursor_,miRNA	RF00677	1
precursor_,miRNA	RF00075	1
precursor_,miRNA	RF00027	1
precursor_,miRNA	RF00802	1
precursor_,miRNA	RF00905	1
precursor_,miRNA	RF00717	1
precursor_,miRNA	RF02018	1
precursor_,miRNA	RF00816	1
precursor_,miRNA	RF00902	1
precursor_,miRNA	RF00786	1
precursor_,miRNA	RF01919	1
precursor_,miRNA	RF00789	1
precursor_,miRNA	RF01041	1
precursor_,miRNA	RF00861	1
precursor_,miRNA	RF01045	1
precursor_,miRNA	RF00246	1
precursor_,miRNA	RF00647	1
precursor_,miRNA	RF00641	1
precursor_,miRNA	RF00929	1
precursor_,miRNA	RF00809	1
precursor_,miRNA	RF00807	1
precursor_,miRNA	RF00806	1
precursor_,miRNA	RF00683	1
precursor_,miRNA	RF00927	1
precursor_,miRNA	RF00247	1
precursor_,miRNA	RF00921	1
precursor_,miRNA	RF02026	1
precursor_,miRNA	RF02245	1
precursor_,miRNA	RF02021	1
precursor_,miRNA	RF00803	1
misc_RNA,rRNA	RF02541	66
misc_RNA,rRNA	RF00177	55
misc_RNA,rRNA	RF02543	37
misc_RNA,rRNA	RF01960	17
misc_RNA,rRNA	RF01118	4
misc_RNA,rRNA	RF00001	1
misc_RNA,other	RF00023	32
misc_RNA,other	RF00013	30
misc_RNA,other	RF00113	11
misc_RNA,other	RF00021	9
misc_RNA,other	RF00378	8
misc_RNA,other	RF00018	7
misc_RNA,other	RF00082	6
misc_RNA,other	RF00081	5
misc_RNA,other	RF00369	5
misc_RNA,other	RF00110	5
misc_RNA,other	RF00126	5
misc_RNA,other	RF00034	5
misc_RNA,other	RF00084	4
misc_RNA,other	RF01394	4
misc_RNA,other	RF00630	4
misc_RNA,other	RF00444	4
misc_RNA,other	RF00112	4
misc_RNA,other	RF00079	4
misc_RNA,other	RF00519	4
misc_RNA,other	RF01794	3
misc_RNA,other	RF00014	3
misc_RNA,other	RF02030	3
misc_RNA,other	RF00371	3
misc_RNA,other	RF00117	3
misc_RNA,other	RF00121	3
misc_RNA,other	RF00057	3
misc_RNA,other	RF00102	3
misc_RNA,other	RF01411	2
misc_RNA,other	RF00115	2
misc_RNA,other	RF00083	2
misc_RNA,other	RF00170	2
misc_RNA,other	RF00022	2
misc_RNA,other	RF01791	2
misc_RNA,other	RF00128	2
misc_RNA,other	RF01781	2
misc_RNA,other	RF00101	2
misc_RNA,other	RF01396	2
misc_RNA,other	RF00035	2
misc_RNA,other	RF01690	2
misc_RNA,other	RF01571	1
misc_RNA,other	RF00118	1
misc_RNA,other	RF01796	1
misc_RNA,other	RF00195	1
misc_RNA,other	RF00077	1
misc_RNA,other	RF01414	1
misc_RNA,other	RF00058	1
misc_RNA,other	RF00100	1
misc_RNA,other	RF01769	1
misc_RNA,other	RF01793	1
misc_RNA,other	RF01492	1
misc_RNA,other	RF00370	1
misc_RNA,other	RF02366	1
misc_RNA,other	RF01386	1
misc_RNA,other	RF02365	1
misc_RNA,other	RF02076	1
misc_RNA,other	RF02075	1
misc_RNA,other	RF01405	1
misc_RNA,other	RF02079	1
misc_RNA,other	RF00505	1
misc_RNA,other	RF00503	1
misc_RNA,other	RF01771	1
misc_RNA,other	RF01770	1
misc_RNA,other	RF02057	1
misc_RNA,other	RF00078	1
misc_RNA,other	RF02363	1
misc_RNA,other	RF00368	1
misc_RNA,other	RF01052	1
misc_RNA,other	RF02364	1
misc_RNA,other	RF02074	1
misc_RNA,other	RF00616	1
misc_RNA,other	RF01400	1
misc_RNA,other	RF00125	1
misc_RNA,other	RF01623	1
other,tmRNA	RF00023	295
other,tmRNA	RF01849	19
telomerase	RF00024	119
telomerase	RF01050	35
telomerase	RF00025	19
snoRNA,misc_RNA	RF00105	20
snoRNA,misc_RNA	RF00108	7
snoRNA,misc_RNA	RF00091	3
snoRNA,misc_RNA	RF00348	2
snoRNA,misc_RNA	RF01625	2
snoRNA,misc_RNA	RF00349	2
snoRNA,misc_RNA	RF01630	2
snoRNA,misc_RNA	RF00093	2
snoRNA,misc_RNA	RF00339	2
snoRNA,misc_RNA	RF00132	2
snoRNA,misc_RNA	RF00350	2
snoRNA,misc_RNA	RF00357	2
snoRNA,misc_RNA	RF00476	2
snoRNA,misc_RNA	RF01162	1
snoRNA,misc_RNA	RF00410	1
snoRNA,misc_RNA	RF01157	1
snoRNA,misc_RNA	RF00509	1
snoRNA,misc_RNA	RF00325	1
snoRNA,misc_RNA	RF01615	1
snoRNA,misc_RNA	RF00439	1
snoRNA,misc_RNA	RF00217	1
snoRNA,misc_RNA	RF01214	1
snoRNA,misc_RNA	RF00065	1
snoRNA,misc_RNA	RF01526	1
snoRNA,misc_RNA	RF00147	1
snoRNA,misc_RNA	RF00340	1
snoRNA,misc_RNA	RF00265	1
snoRNA,misc_RNA	RF01651	1
snoRNA,misc_RNA	RF01652	1
snoRNA,misc_RNA	RF00302	1
snoRNA,misc_RNA	RF01195	1
snoRNA,misc_RNA	RF00560	1
snoRNA,misc_RNA	RF01637	1
snoRNA,misc_RNA	RF00200	1
snoRNA,misc_RNA	RF00352	1
snoRNA,misc_RNA	RF00412	1
snoRNA,misc_RNA	RF00356	1
snoRNA,misc_RNA	RF00292	1
snoRNA,misc_RNA	RF00293	1
snoRNA,misc_RNA	RF00418	1
snoRNA,misc_RNA	RF00291	1
snoRNA,misc_RNA	RF02413	1
snoRNA,misc_RNA	RF00212	1
snoRNA,misc_RNA	RF00156	1
snoRNA,misc_RNA	RF00151	1
snoRNA,misc_RNA	RF00099	1
snoRNA,misc_RNA	RF00190	1
snoRNA,misc_RNA	RF00097	1
snoRNA,misc_RNA	RF01660	1
snoRNA,misc_RNA	RF00473	1
snoRNA,misc_RNA	RF00353	1
snoRNA,misc_RNA	RF00016	1
snoRNA,misc_RNA	RF01145	1
snoRNA,misc_RNA	RF00392	1
snoRNA,misc_RNA	RF00398	1
snoRNA,misc_RNA	RF00477	1
snoRNA,misc_RNA	RF01164	1
snoRNA,misc_RNA	RF00415	1
snoRNA,misc_RNA	RF00566	1
snoRNA,misc_RNA	RF00401	1
snoRNA,misc_RNA	RF00322	1
snoRNA,misc_RNA	RF01636	1
snoRNA,misc_RNA	RF01635	1
snoRNA,misc_RNA	RF01634	1
snoRNA,misc_RNA	RF00360	1
snoRNA,misc_RNA	RF01429	1
snoRNA,misc_RNA	RF01288	1
snoRNA,misc_RNA	RF00568	1
snoRNA,misc_RNA	RF01611	1
snoRNA,misc_RNA	RF00612	1
snoRNA,misc_RNA	RF01120	1
snoRNA,misc_RNA	RF00208	1
snoRNA,misc_RNA	RF00610	1
snoRNA,misc_RNA	RF00611	1
snoRNA,misc_RNA	RF01235	1
snoRNA,misc_RNA	RF01177	1
snoRNA,misc_RNA	RF00316	1
snoRNA,misc_RNA	RF01150	1
snoRNA,misc_RNA	RF01136	1
snoRNA,misc_RNA	RF01238	1
snoRNA,misc_RNA	RF01221	1
snoRNA,misc_RNA	RF00403	1
snoRNA,misc_RNA	RF00323	1
snoRNA,misc_RNA	RF01648	1
snoRNA,misc_RNA	RF01609	1
snoRNA,misc_RNA	RF01199	1
snoRNA,misc_RNA	RF01647	1
snoRNA,misc_RNA	RF00438	1
snoRNA,misc_RNA	RF00475	1
snoRNA,misc_RNA	RF00472	1
snoRNA,misc_RNA	RF01624	1
snoRNA,misc_RNA	RF01641	1
snoRNA,misc_RNA	RF01278	1
snoRNA,misc_RNA	RF00338	1
snoRNA,misc_RNA	RF00604	1
snoRNA,misc_RNA	RF00577	1
snoRNA,misc_RNA	RF00471	1
snoRNA,misc_RNA	RF00574	1
snoRNA,misc_RNA	RF00334	1
snoRNA,misc_RNA	RF00571	1
snoRNA,misc_RNA	RF00570	1
snoRNA,misc_RNA	RF01166	1
snoRNA,misc_RNA	RF01165	1
snoRNA,misc_RNA	RF00277	1
snoRNA,misc_RNA	RF00400	1
snoRNA,misc_RNA	RF01205	1
snoRNA,misc_RNA	RF01848	1
miRNA,misc_RNA	RF00643	6
miRNA,misc_RNA	RF00655	4
miRNA,misc_RNA	RF00721	2
miRNA,misc_RNA	RF00989	2
miRNA,misc_RNA	RF00681	2
miRNA,misc_RNA	RF00677	1
miRNA,misc_RNA	RF00739	1
miRNA,misc_RNA	RF00653	1
miRNA,misc_RNA	RF00027	1
miRNA,misc_RNA	RF00254	1
miRNA,misc_RNA	RF00103	1
miRNA,misc_RNA	RF00129	1
miRNA,misc_RNA	RF00452	1
miRNA,misc_RNA	RF00669	1
miRNA,misc_RNA	RF00247	1
miRNA,misc_RNA	RF00693	1
miRNA,misc_RNA	RF00779	1
miRNA,misc_RNA	RF00253	1
miRNA,misc_RNA	RF00667	1
miRNA,misc_RNA	RF00638	1
miRNA,misc_RNA	RF00652	1
other,lncRNA	RF00100	191
other,lncRNA	RF01800	1
RNase_P_RN,misc_RNA	RF00010	144
RNase_P_RN,misc_RNA	RF00011	11
RNase_P_RN,misc_RNA	RF00373	7
RNase_P_RN,misc_RNA	RF00009	5
snoRNA,snRNA	RF00012	10
snoRNA,snRNA	RF01848	4
snoRNA,snRNA	RF01846	4
snoRNA,snRNA	RF00067	4
snoRNA,snRNA	RF00045	3
snoRNA,snRNA	RF00055	2
snoRNA,snRNA	RF00071	2
snoRNA,snRNA	RF00070	2
snoRNA,snRNA	RF00279	2
snoRNA,snRNA	RF00049	2
snoRNA,snRNA	RF00137	2
snoRNA,snRNA	RF01243	2
snoRNA,snRNA	RF01256	2
snoRNA,snRNA	RF00288	2
snoRNA,snRNA	RF00016	1
snoRNA,snRNA	RF01147	1
snoRNA,snRNA	RF00134	1
snoRNA,snRNA	RF00271	1
snoRNA,snRNA	RF01262	1
snoRNA,snRNA	RF01223	1
snoRNA,snRNA	RF01260	1
snoRNA,snRNA	RF01207	1
snoRNA,snRNA	RF00272	1
snoRNA,snRNA	RF00278	1
snoRNA,snRNA	RF01125	1
snoRNA,snRNA	RF01267	1
snoRNA,snRNA	RF01184	1
snoRNA,snRNA	RF00353	1
snoRNA,snRNA	RF00335	1
snoRNA,snRNA	RF01537	1
snoRNA,snRNA	RF00091	1
snoRNA,snRNA	RF02331	1
snoRNA,snRNA	RF00473	1
snoRNA,snRNA	RF01829	1
snoRNA,snRNA	RF01257	1
snoRNA,snRNA	RF00153	1
snoRNA,snRNA	RF01247	1
snoRNA,snRNA	RF01181	1
snoRNA,snRNA	RF01847	1
snoRNA,snRNA	RF00212	1
snoRNA,snRNA	RF00157	1
snoRNA,snRNA	RF00156	1
snoRNA,snRNA	RF00151	1
snoRNA,snRNA	RF00588	1
snoRNA,snRNA	RF01244	1
snoRNA,snRNA	RF00330	1
snoRNA,snRNA	RF01248	1
snoRNA,snRNA	RF01249	1
snoRNA,snRNA	RF00273	1
snoRNA,snRNA	RF00154	1
snoRNA,snRNA	RF01242	1
snoRNA,snRNA	RF00440	1
snoRNA,snRNA	RF00020	1
snoRNA,snRNA	RF00265	1
snoRNA,snRNA	RF00264	1
snoRNA,snRNA	RF00263	1
snoRNA,snRNA	RF00287	1
snoRNA,snRNA	RF00068	1
snoRNA,snRNA	RF00213	1
snoRNA,snRNA	RF01218	1
snoRNA,snRNA	RF00221	1
snoRNA,snRNA	RF01277	1
snoRNA,snRNA	RF00282	1
snoRNA,snRNA	RF00054	1
snoRNA,snRNA	RF01296	1
snoRNA,snRNA	RF01265	1
snoRNA,snRNA	RF00217	1
snoRNA,snRNA	RF00281	1
snoRNA,snRNA	RF00139	1
snoRNA,snRNA	RF01237	1
snoRNA,snRNA	RF01258	1
snoRNA,snRNA	RF01201	1
snoRNA,snRNA	RF00300	1
snoRNA,snRNA	RF01138	1
snoRNA,snRNA	RF00277	1
snoRNA,snRNA	RF00342	1
snoRNA,snRNA	RF00072	1
snoRNA,snRNA	RF00276	1
snoRNA,snRNA	RF01203	1
snoRNA,snRNA	RF01196	1
snoRNA,snRNA	RF00283	1
snoRNA,snRNA	RF00189	1
snoRNA,snRNA	RF01255	1
snoRNA,snRNA	RF01254	1
snoRNA,snRNA	RF01251	1
snoRNA,snRNA	RF00309	1
snoRNA,snRNA	RF01253	1
snoRNA,snRNA	RF00087	1
snoRNA,snRNA	RF01290	1
snoRNA,snRNA	RF00085	1
snoRNA,snRNA	RF00341	1
misc_RNA,RNase_P_RN	RF00010	101
misc_RNA,RNase_P_RN	RF00011	14
misc_RNA,RNase_P_RN	RF00373	9
misc_RNA,RNase_P_RN	RF00009	1
misc_RNA,snoRNA	RF00012	4
misc_RNA,snoRNA	RF00105	3
misc_RNA,snoRNA	RF00277	2
misc_RNA,snoRNA	RF00355	2
misc_RNA,snoRNA	RF00333	2
misc_RNA,snoRNA	RF00319	1
misc_RNA,snoRNA	RF00191	1
misc_RNA,snoRNA	RF00132	1
misc_RNA,snoRNA	RF01143	1
misc_RNA,snoRNA	RF01167	1
misc_RNA,snoRNA	RF00093	1
misc_RNA,snoRNA	RF01662	1
misc_RNA,snoRNA	RF00091	1
misc_RNA,snoRNA	RF01660	1
misc_RNA,snoRNA	RF00147	1
misc_RNA,snoRNA	RF00576	1
misc_RNA,snoRNA	RF00579	1
misc_RNA,snoRNA	RF00578	1
misc_RNA,snoRNA	RF00593	1
misc_RNA,snoRNA	RF00150	1
misc_RNA,snoRNA	RF01537	1
misc_RNA,snoRNA	RF00603	1
misc_RNA,snoRNA	RF00072	1
misc_RNA,snoRNA	RF00295	1
misc_RNA,snoRNA	RF00296	1
misc_RNA,snoRNA	RF00359	1
misc_RNA,snoRNA	RF01189	1
misc_RNA,snoRNA	RF00350	1
misc_RNA,snoRNA	RF01608	1
misc_RNA,snoRNA	RF01647	1
misc_RNA,snoRNA	RF01640	1
misc_RNA,snoRNA	RF01141	1
misc_RNA,snoRNA	RF00572	1
misc_RNA,snoRNA	RF00188	1
misc_RNA,snoRNA	RF01866	1
misc_RNA,snoRNA	RF01172	1
misc_RNA,snoRNA	RF01296	1
misc_RNA,snoRNA	RF00573	1
misc_RNA,snoRNA	RF01239	1
misc_RNA,snoRNA	RF01158	1
misc_RNA,snoRNA	RF00263	1
misc_RNA,snoRNA	RF00264	1
misc_RNA,snoRNA	RF00440	1
misc_RNA,snoRNA	RF01291	1
misc_RNA,snoRNA	RF00309	1
misc_RNA,snoRNA	RF00352	1
misc_RNA,snoRNA	RF00281	1
misc_RNA,snoRNA	RF00278	1
misc_RNA,snoRNA	RF00409	1
misc_RNA,snoRNA	RF00349	1
misc_RNA,snoRNA	RF01618	1
misc_RNA,snoRNA	RF00405	1
misc_RNA,snoRNA	RF00410	1
misc_RNA,snoRNA	RF01630	1
misc_RNA,snoRNA	RF00324	1
misc_RNA,snoRNA	RF01632	1
misc_RNA,snoRNA	RF00326	1
misc_RNA,snoRNA	RF01241	1
misc_RNA,snoRNA	RF00351	1
misc_RNA,snoRNA	RF00279	1
misc_RNA,snoRNA	RF01646	1
other,antisense_	RF01782	52
other,antisense_	RF00503	10
other,antisense_	RF00035	9
other,antisense_	RF00078	2
other,antisense_	RF01492	2
other,antisense_	RF01794	2
other,antisense_	RF01528	1
other,antisense_	RF02194	1
other,antisense_	RF01809	1
other,antisense_	RF01695	1
other,antisense_	RF00235	1
other,antisense_	RF00106	1
other,antisense_	RF00262	1
other,antisense_	RF01813	1
other,antisense_	RF00242	1
antisense_,other	RF01782	45
antisense_,other	RF00035	7
antisense_,other	RF01695	3
antisense_,other	RF00503	3
antisense_,other	RF00039	2
antisense_,other	RF00033	2
antisense_,other	RF00262	2
antisense_,other	RF01116	1
antisense_,other	RF01475	1
antisense_,other	RF01494	1
antisense_,other	RF00388	1
antisense_,other	RF00043	1
antisense_,other	RF00534	1
antisense_,other	RF00235	1
antisense_,other	RF00242	1
antisense_,other	RF02391	1
lncRNA,other	RF00100	57
lncRNA,other	RF01800	1
lncRNA,other	RF00636	1
rRNA,precursor_	RF01960	73
rRNA,precursor_	RF02543	1
rRNA,precursor_	RF02541	1
precursor_,rRNA	RF01960	74
snRNA,snoRNA	RF00045	4
snRNA,snoRNA	RF00012	4
snRNA,snoRNA	RF00070	3
snRNA,snoRNA	RF00072	3
snRNA,snoRNA	RF01298	3
snRNA,snoRNA	RF00095	3
snRNA,snoRNA	RF00488	2
snRNA,snoRNA	RF00482	2
snRNA,snoRNA	RF00085	1
snRNA,snoRNA	RF00087	1
snRNA,snoRNA	RF01244	1
snRNA,snoRNA	RF00155	1
snRNA,snoRNA	RF01131	1
snRNA,snoRNA	RF00213	1
snRNA,snoRNA	RF00335	1
snRNA,snoRNA	RF01846	1
snRNA,snoRNA	RF02316	1
snRNA,snoRNA	RF02334	1
snRNA,snoRNA	RF00325	1
snRNA,snoRNA	RF00342	1
snRNA,snoRNA	RF01147	1
snRNA,snoRNA	RF01848	1
snRNA,snoRNA	RF00068	1
snRNA,snoRNA	RF00493	1
snRNA,snoRNA	RF00091	1
snRNA,snoRNA	RF02328	1
snRNA,snoRNA	RF00049	1
snRNA,snoRNA	RF01150	1
snRNA,snoRNA	RF01135	1
snRNA,snoRNA	RF01129	1
snRNA,snoRNA	RF00160	1
snRNA,snoRNA	RF00440	1
snRNA,snoRNA	RF01146	1
snRNA,snoRNA	RF01144	1
snRNA,snoRNA	RF00270	1
snRNA,snoRNA	RF01142	1
snRNA,snoRNA	RF01176	1
snRNA,snoRNA	RF00016	1
snRNA,snoRNA	RF01304	1
SRP_RNA,misc_RNA	RF00169	10
SRP_RNA,misc_RNA	RF01854	1
SRP_RNA,misc_RNA	RF01502	1
misc_RNA,miRNA	RF00643	5
misc_RNA,miRNA	RF00989	3
misc_RNA,miRNA	RF00452	2
misc_RNA,miRNA	RF00638	2
misc_RNA,miRNA	RF00664	2
misc_RNA,miRNA	RF00247	2
misc_RNA,miRNA	RF00103	2
misc_RNA,miRNA	RF00655	2
misc_RNA,miRNA	RF00677	1
misc_RNA,miRNA	RF00779	1
misc_RNA,miRNA	RF00768	1
misc_RNA,miRNA	RF00707	1
misc_RNA,miRNA	RF00782	1
misc_RNA,miRNA	RF00257	1
misc_RNA,miRNA	RF00681	1
misc_RNA,miRNA	RF00652	1
antisense_,misc_RNA	RF00042	15
antisense_,misc_RNA	RF00106	11
antisense_,misc_RNA	RF01695	3
antisense_,misc_RNA	RF00039	3
antisense_,misc_RNA	RF00534	2
antisense_,misc_RNA	RF00033	1
antisense_,misc_RNA	RF00388	1
antisense_,misc_RNA	RF02194	1
antisense_,misc_RNA	RF00262	1
antisense_,misc_RNA	RF00242	1
antisense_,misc_RNA	RF00043	1
snoRNA,lncRNA	RF00045	6
snoRNA,lncRNA	RF00567	2
snoRNA,lncRNA	RF00090	2
snoRNA,lncRNA	RF00478	2
snoRNA,lncRNA	RF00563	1
snoRNA,lncRNA	RF01295	1
snoRNA,lncRNA	RF00231	1
snoRNA,lncRNA	RF01268	1
snoRNA,lncRNA	RF00322	1
snoRNA,lncRNA	RF01210	1
tmRNA,other,misc_RNA	RF00023	41
tmRNA,other,misc_RNA	RF01850	2
other,snRNA	RF00198	15
other,snRNA	RF00199	10
other,snRNA	RF00100	8
other,snRNA	RF01844	1
other,snRNA	RF02343	1
other,snRNA	RF02342	1
other,snRNA	RF02344	1
SRP_RNA,scRNA	RF01855	14
SRP_RNA,scRNA	RF00017	3
SRP_RNA,scRNA	RF01502	1
tRNA,rRNA	RF00005	21
tRNA,rRNA	RF02540	1
tRNA,misc_RNA	RF00005	10
lncRNA,snoRNA	RF00045	3
lncRNA,snoRNA	RF01296	1
lncRNA,snoRNA	RF01294	1
lncRNA,snoRNA	RF00231	1
miRNA,precursor_,misc_RNA	RF00254	2
miRNA,precursor_,misc_RNA	RF00639	2
miRNA,precursor_,misc_RNA	RF00664	2
miRNA,precursor_,misc_RNA	RF00660	2
miRNA,precursor_,misc_RNA	RF00246	2
miRNA,precursor_,misc_RNA	RF00655	2
miRNA,precursor_,misc_RNA	RF00676	2
miRNA,precursor_,misc_RNA	RF00103	2
miRNA,precursor_,misc_RNA	RF00257	2
miRNA,precursor_,misc_RNA	RF00699	1
miRNA,precursor_,misc_RNA	RF00129	1
miRNA,precursor_,misc_RNA	RF00178	1
miRNA,precursor_,misc_RNA	RF00928	1
miRNA,precursor_,misc_RNA	RF00657	1
miRNA,precursor_,misc_RNA	RF00027	1
miRNA,precursor_,misc_RNA	RF00051	1
miRNA,precursor_,misc_RNA	RF00650	1
miRNA,precursor_,misc_RNA	RF00669	1
miRNA,precursor_,misc_RNA	RF00695	1
miRNA,precursor_,misc_RNA	RF00672	1
miRNA,precursor_,misc_RNA	RF00670	1
miRNA,precursor_,misc_RNA	RF00681	1
miRNA,precursor_,misc_RNA	RF00703	1
miRNA,precursor_,misc_RNA	RF00667	1
miRNA,precursor_,misc_RNA	RF00689	1
misc_RNA,SRP_RNA	RF00169	2
misc_RNA,SRP_RNA	RF01855	1
tmRNA,misc_RNA,other	RF00023	32
telomerase,misc_RNA	RF01050	16
telomerase,misc_RNA	RF00024	6
telomerase,misc_RNA	RF00025	4
rRNA,other	RF00002	17
rRNA,other	RF01118	3
rRNA,other	RF02541	2
rRNA,other	RF00013	1
rRNA,other	RF01959	1
snRNA,other	RF00199	13
snRNA,other	RF00198	7
snRNA,other	RF00100	1
snRNA,other	RF01619	1
snRNA,other	RF01789	1
snRNA,other	RF02346	1
tRNA,other	RF00005	25
misc_RNA,telomerase	RF01050	14
misc_RNA,telomerase	RF00024	8
misc_RNA,telomerase	RF00025	2
hammerhead,misc_RNA	RF00008	20
other,rRNA	RF00002	9
other,rRNA	RF00013	5
other,rRNA	RF00177	2
snRNA,misc_RNA	RF00026	2
snRNA,misc_RNA	RF01844	2
snRNA,misc_RNA	RF00004	1
snRNA,misc_RNA	RF00003	1
rRNA,tRNA	RF00005	3
rRNA,tRNA	RF00177	2
rRNA,tRNA	RF00001	1
scRNA,SRP_RNA	RF01855	9
scRNA,SRP_RNA	RF00017	2
misc_RNA,antisense_	RF00042	3
misc_RNA,antisense_	RF00033	2
misc_RNA,antisense_	RF00534	1
misc_RNA,antisense_	RF00039	1
misc_RNA,antisense_	RF00106	1
miRNA,misc_RNA,precursor_	RF00693	2
miRNA,misc_RNA,precursor_	RF00655	2
miRNA,misc_RNA,precursor_	RF00699	1
miRNA,misc_RNA,precursor_	RF00452	1
miRNA,misc_RNA,precursor_	RF02020	1
miRNA,misc_RNA,precursor_	RF00074	1
miRNA,misc_RNA,precursor_	RF00992	1
miRNA,misc_RNA,precursor_	RF00989	1
miRNA,misc_RNA,precursor_	RF00960	1
miRNA,misc_RNA,precursor_	RF00253	1
miRNA,misc_RNA,precursor_	RF00649	1
miRNA,misc_RNA,precursor_	RF00683	1
miRNA,misc_RNA,precursor_	RF00681	1
miRNA,misc_RNA,precursor_	RF00642	1
miRNA,misc_RNA,precursor_	RF00129	1
snoRNA,other	RF01663	1
snoRNA,other	RF01582	1
snoRNA,other	RF01512	1
snoRNA,other	RF00426	1
snoRNA,other	RF01496	1
snoRNA,other	RF00565	1
snoRNA,other	RF01643	1
snoRNA,other	RF00322	1
snoRNA,other	RF01623	1
snoRNA,other	RF00049	1
snoRNA,other	RF01579	1
snoRNA,other	RF00142	1
other,scRNA	RF01414	4
other,scRNA	RF02144	3
other,scRNA	RF00019	2
other,scRNA	RF00013	2
other,scRNA	RF00166	1
other,scRNA	RF00195	1
other,scRNA	RF00100	1
other,scRNA	RF00628	1
other,scRNA	RF01691	1
misc_RNA,tRNA	RF00005	3
antisense_,other,misc_RNA	RF01782	2
antisense_,other,misc_RNA	RF00033	1
antisense_,other,misc_RNA	RF00035	1
antisense_,other,misc_RNA	RF00503	1
antisense_,other,misc_RNA	RF00106	1
antisense_,other,misc_RNA	RF00534	1
antisense_,other,misc_RNA	RF01809	1
antisense_,other,misc_RNA	RF00039	1
antisense_,other,misc_RNA	RF01695	1
antisense_,misc_RNA,other	RF00534	2
antisense_,misc_RNA,other	RF00107	2
antisense_,misc_RNA,other	RF00033	2
antisense_,misc_RNA,other	RF00240	2
other,tmRNA,misc_RNA	RF00023	13
misc_RNA,snRNA	RF00026	1
misc_RNA,snRNA	RF01844	1
other,antisense_,misc_RNA	RF01782	2
other,antisense_,misc_RNA	RF00014	2
other,antisense_,misc_RNA	RF02495	1
other,antisense_,misc_RNA	RF00083	1
other,antisense_,misc_RNA	RF00079	1
other,antisense_,misc_RNA	RF01401	1
other,antisense_,misc_RNA	RF01813	1
other,antisense_,misc_RNA	RF00368	1
other,antisense_,misc_RNA	RF00110	1
scRNA,other	RF01414	7
scRNA,other	RF00019	2
scRNA,other	RF00013	1
misc_RNA,antisense_,other	RF00107	2
misc_RNA,antisense_,other	RF00039	1
misc_RNA,antisense_,other	RF00021	1
SRP_RNA,lncRNA	RF00017	10
misc_RNA,tmRNA,other	RF00023	10
SRP_RNA,other	RF00169	2
SRP_RNA,other	RF01854	1
other,snoRNA	RF00423	1
other,snoRNA	RF01496	1
other,snoRNA	RF01512	1
other,snoRNA	RF01623	1
other,snoRNA	RF00142	1
other,snoRNA	RF01224	1
other,misc_RNA,antisense_	RF00107	2
other,misc_RNA,antisense_	RF00079	1
other,misc_RNA,antisense_	RF00503	1
other,misc_RNA,antisense_	RF00022	1
ribozyme,misc_RNA	RF01807	1
misc_RNA,ribozyme	RF01807	3
other,tRNA	RF00005	6
RNase_P_RN,other	RF00010	4
RNase_P_RN,other	RF00373	1
RNase_P_RN,other	RF00011	1
precursor_,miRNA,misc_RNA	RF00780	2
precursor_,miRNA,misc_RNA	RF00707	1
precursor_,miRNA,misc_RNA	RF00687	1
precursor_,miRNA,misc_RNA	RF00666	1
precursor_,miRNA,misc_RNA	RF00683	1
precursor_,miRNA,misc_RNA	RF00680	1
precursor_,miRNA,misc_RNA	RF00051	1
snRNA,miRNA	RF00026	1
misc_RNA,hammerhead	RF00008	6
snoRNA,guide_RNA	RF00427	1
snoRNA,guide_RNA	RF01233	1
other,RNase_P_RN	RF00010	3
other,RNase_P_RN	RF00009	1
misc_RNA,other,antisense_	RF00505	1
misc_RNA,other,antisense_	RF01813	1
snRNA,lncRNA	RF00026	1
snRNA,lncRNA	RF00004	1
lncRNA,SRP_RNA	RF00017	6
ribozyme,hammerhead	RF02276	6
snoRNA,miRNA	RF02336	3
snoRNA,miRNA	RF02338	1
snoRNA,miRNA	RF02339	1
precursor_,misc_RNA,miRNA	RF00658	1
precursor_,misc_RNA,miRNA	RF00657	1
precursor_,misc_RNA,miRNA	RF00667	1
other,Y_RNA	RF00019	5
scRNA,other,misc_RNA	RF01414	3
scRNA,other,misc_RNA	RF00019	1
scRNA,other,misc_RNA	RF01571	1
lncRNA,RNase_P_RN	RF00009	2
snoRNA,snRNA,lncRNA	RF00012	2
snoRNA,snRNA,lncRNA	RF00274	1
RNase_P_RN,lncRNA	RF00009	4
SRP_RNA,snRNA	RF01855	3
SRP_RNA,snRNA	RF01570	1
snRNA,RNase_MRP_	RF00030	3
misc_RNA,guide_RNA,snoRNA	RF00283	1
misc_RNA,guide_RNA,snoRNA	RF00286	1
misc_RNA,guide_RNA,snoRNA	RF00565	1
misc_RNA,guide_RNA,snoRNA	RF01268	1
vault_RNA,misc_RNA	RF00006	3
snoRNA,lncRNA,snRNA	RF00045	1
snoRNA,lncRNA,snRNA	RF00012	1
tRNA,antisense_	RF00005	1
tRNA,antisense_	RF00238	1
other,misc_RNA,scRNA	RF01414	1
other,misc_RNA,scRNA	RF00630	1
other,misc_RNA,scRNA	RF00623	1
vault_RNA,scRNA	RF00006	3
other,SRP_RNA	RF00169	2
hammerhead,ribozyme	RF02276	3
snoRNA,snRNA,misc_RNA	RF01204	1
other,miRNA	RF00955	1
misc_RNA,scRNA,other	RF01414	2
scRNA,snRNA	RF01802	2
snoRNA,snRNA,guide_RNA	RF00422	1
snoRNA,snRNA,guide_RNA	RF00553	1
snoRNA,snRNA,guide_RNA	RF00286	1
misc_RNA,miRNA,precursor_	RF00653	1
misc_RNA,miRNA,precursor_	RF00253	1
misc_RNA,miRNA,precursor_	RF00681	1
miRNA,snoRNA	RF02337	2
miRNA,snoRNA	RF02335	1
other,scRNA,misc_RNA	RF01414	3
misc_RNA,precursor_,miRNA	RF00655	2
other,misc_RNA,rRNA	RF00013	1
lncRNA,snRNA	RF00015	1
other,siRNA	RF00444	1
lncRNA,snoRNA,guide_RNA,snRNA	RF01294	1
snRNA,snoRNA,guide_RNA	RF00423	1
RNase_MRP_,snRNA	RF00030	2
scRNA,vault_RNA	RF00006	2
other,misc_RNA,tmRNA	RF00023	2
miRNA,lncRNA,misc_RNA	RF00051	1
RNase_MRP_,RNase_P_RN	RF00009	1
snoRNA,lncRNA,guide_RNA	RF00231	1
snoRNA,misc_RNA,other	RF01623	1
snoRNA,misc_RNA,other	RF01622	1
RNase_P_RN,misc_RNA,other	RF00010	1
snoRNA,misc_RNA,snRNA	RF00356	1
snoRNA,misc_RNA,snRNA	RF01259	1
snoRNA,guide_RNA,snRNA	RF00426	1
snoRNA,guide_RNA,snRNA	RF00424	1
tmRNA,other,snoRNA,misc_RNA	RF00023	1
snRNA,RNase_P_RN	RF00009	1
snoRNA,guide_RNA,snRNA,lncRNA	RF01295	1
Y_RNA,other	RF00019	1
tRNA,rRNA,misc_RNA	RF00005	1
snRNA,SRP_RNA	RF00017	1
tmRNA,other,misc_RNA,scRNA	RF00023	1
snRNA,antisense_	RF00026	1
scRNA,other,Y_RNA	RF00019	1
miRNA,precursor_,lncRNA	RF00959	1
snoRNA,piRNA	RF00377	1
misc_RNA,RNase_MRP_	RF00030	1
other,antisense_,lncRNA	RF00100	1
RNase_P_RN,SRP_RNA	RF00010	1
miRNA,precursor_,misc_RNA,lncRNA	RF00464	1
tRNA,precursor_	RF00005	1
telomerase,lncRNA	RF00024	1
other,scRNA,rRNA	RF00013	1
scRNA,rRNA	RF01960	1
snoRNA,lncRNA,snRNA,guide_RNA	RF00231	1
other,snoRNA,misc_RNA	RF01609	1
scRNA,Y_RNA,other	RF00019	1
lncRNA,RNase_MRP_	RF00030	1
misc_RNA,other,tmRNA	RF00023	1
guide_RNA,snoRNA,lncRNA,snRNA	RF01296	1
snRNA,misc_RNA,snoRNA	RF01844	1
snRNA,lncRNA,snoRNA	RF00275	1
snRNA,SRP_RNA,scRNA	RF01570	1
misc_RNA,vault_RNA	RF00006	1
scRNA,misc_RNA,other	RF01414	1
RNase_P_RN,snRNA	RF00009	1
telomerase,other	RF02462	1
misc_RNA,snoRNA,lncRNA	RF00429	1
guide_RNA,snoRNA,lncRNA	RF01268	1
